{"stats":{"minecraft:mined":{"minecraft:dark_oak_planks":5,"minecraft:large_amethyst_bud":1,"minecraft:spruce_planks":29,"minecraft:white_bed":2,"minecraft:brewing_stand":1,"minecraft:potted_dead_bush":1,"minecraft:spruce_trapdoor":1,"minecraft:granite":4,"minecraft:budding_amethyst":1,"minecraft:acacia_log":23,"minecraft:grass_block":313,"minecraft:chiseled_tuff_bricks":7,"minecraft:tuff_bricks":128,"minecraft:raw_iron_block":1,"minecraft:iron_ore":121,"minecraft:cobbled_deepslate":24,"minecraft:polished_tuff":5,"minecraft:waxed_oxidized_copper_bulb":1,"minecraft:moss_carpet":6,"minecraft:deepslate_lapis_ore":16,"minecraft:enchanting_table":4,"minecraft:pointed_dripstone":65,"minecraft:dirt_path":1,"minecraft:oak_stairs":1,"minecraft:orange_bed":4,"minecraft:deepslate_redstone_ore":43,"minecraft:smoker":1,"minecraft:medium_amethyst_bud":1,"minecraft:amethyst_cluster":22,"minecraft:powder_snow":5,"minecraft:torch":36,"minecraft:calcite":8,"minecraft:chest":26,"minecraft:mushroom_stem":1,"minecraft:cobblestone":71,"minecraft:grindstone":2,"minecraft:sugar_cane":45,"minecraft:oak_planks":23,"minecraft:wall_torch":33,"minecraft:amethyst_block":4,"minecraft:deepslate_copper_ore":1,"minecraft:pink_petals":7,"minecraft:chain":3,"minecraft:waxed_copper_bulb":8,"minecraft:red_candle":1,"minecraft:waxed_oxidized_copper_trapdoor":1,"minecraft:birch_log":6,"minecraft:waxed_copper_block":20,"minecraft:oak_log":73,"minecraft:waxed_oxidized_copper":3,"minecraft:dirt":95,"minecraft:mangrove_log":81,"minecraft:smooth_basalt":4,"minecraft:red_mushroom_block":10,"minecraft:oak_leaves":51,"minecraft:deepslate":797,"minecraft:tuff":56,"minecraft:deepslate_diamond_ore":24,"minecraft:dark_oak_log":2,"minecraft:mangrove_roots":178,"minecraft:ladder":1,"minecraft:spruce_fence":6,"minecraft:decorated_pot":7,"minecraft:white_stained_glass":1,"minecraft:spruce_leaves":81,"minecraft:mangrove_propagule":10,"minecraft:hay_block":27,"minecraft:oxidized_cut_copper":1,"minecraft:waxed_oxidized_cut_copper":6,"minecraft:furnace":19,"minecraft:waxed_copper_grate":17,"minecraft:andesite":22,"minecraft:gold_block":1,"minecraft:polished_deepslate":24,"minecraft:bookshelf":4,"minecraft:potatoes":30,"minecraft:deepslate_iron_ore":108,"minecraft:vine":21,"minecraft:waxed_weathered_copper_bulb":2,"minecraft:stone":600,"minecraft:smithing_table":1,"minecraft:waxed_exposed_copper_bulb":3,"minecraft:acacia_leaves":48,"minecraft:dandelion":1,"minecraft:crafting_table":24,"minecraft:short_grass":45,"minecraft:emerald_ore":8,"minecraft:lectern":1,"minecraft:copper_ore":4,"minecraft:tall_grass":14,"minecraft:deepslate_coal_ore":2,"minecraft:red_glazed_terracotta":2,"minecraft:deepslate_gold_ore":32,"minecraft:lapis_ore":8,"minecraft:lily_pad":1,"minecraft:diorite":36,"minecraft:spruce_stairs":1,"minecraft:black_stained_glass":1,"minecraft:waxed_oxidized_copper_grate":9,"minecraft:spruce_log":38,"minecraft:birch_leaves":2,"minecraft:mangrove_planks":93,"minecraft:mangrove_leaves":348,"minecraft:coal_ore":499,"minecraft:cherry_leaves":3,"minecraft:gravel":12,"minecraft:flower_pot":5,"minecraft:dripstone_block":47,"minecraft:acacia_planks":11,"minecraft:gold_ore":5},"minecraft:custom":{"minecraft:interact_with_crafting_table":103,"minecraft:open_barrel":17,"minecraft:leave_game":16,"minecraft:time_since_death":1082,"minecraft:sprint_one_cm":855086,"minecraft:damage_blocked_by_shield":7067,"minecraft:drop":107,"minecraft:talked_to_villager":6,"minecraft:play_time":989167,"minecraft:deaths":9,"minecraft:jump":11748,"minecraft:walk_on_water_one_cm":204447,"minecraft:enchant_item":2,"minecraft:interact_with_furnace":153,"minecraft:sleep_in_bed":29,"minecraft:damage_dealt":22555,"minecraft:crouch_one_cm":411645,"minecraft:inspect_dispenser":23,"minecraft:horse_one_cm":1664116,"minecraft:interact_with_anvil":2,"minecraft:mob_kills":164,"minecraft:climb_one_cm":16179,"minecraft:walk_one_cm":2707993,"minecraft:sneak_time":132708,"minecraft:walk_under_water_one_cm":172021,"minecraft:boat_one_cm":204358,"minecraft:total_world_time":989167,"minecraft:time_since_rest":1685,"minecraft:damage_taken":12994,"minecraft:damage_absorbed":654,"minecraft:swim_one_cm":38831,"minecraft:fly_one_cm":1240541,"minecraft:open_chest":290,"minecraft:fall_one_cm":347906},"minecraft:broken":{"minecraft:iron_shovel":1,"minecraft:iron_boots":1,"minecraft:golden_leggings":1,"minecraft:stone_pickaxe":2,"minecraft:shield":2,"minecraft:iron_axe":2,"minecraft:iron_pickaxe":5},"minecraft:used":{"minecraft:tuff_bricks":72,"minecraft:iron_shovel":348,"minecraft:polished_deepslate":138,"minecraft:chest":15,"minecraft:shield":175,"minecraft:iron_sword":174,"minecraft:rotten_flesh":5,"minecraft:carrot":4,"minecraft:waxed_copper_grate":14,"minecraft:lava_bucket":9,"minecraft:golden_sword":5,"minecraft:bow":77,"minecraft:dark_oak_boat":1,"minecraft:ominous_bottle":1,"minecraft:mangrove_roots":29,"minecraft:furnace":17,"minecraft:potato":41,"minecraft:diorite":2,"minecraft:oak_planks":94,"minecraft:stone_pickaxe":339,"minecraft:mangrove_planks":269,"minecraft:ender_pearl":3,"minecraft:wooden_pickaxe":23,"minecraft:sugar_cane":36,"minecraft:diamond_axe":638,"minecraft:golden_apple":17,"minecraft:dripstone_block":23,"minecraft:bread":72,"minecraft:andesite":5,"minecraft:oak_boat":2,"minecraft:waxed_copper_bulb":2,"minecraft:bone_meal":87,"minecraft:enchanting_table":4,"minecraft:flint_and_steel":4,"minecraft:spruce_planks":52,"minecraft:cooked_chicken":10,"minecraft:trial_key":8,"minecraft:orange_bed":3,"minecraft:torch":965,"minecraft:dirt":419,"minecraft:anvil":1,"minecraft:spruce_fence":7,"minecraft:iron_hoe":12,"minecraft:dark_oak_planks":8,"minecraft:wooden_axe":45,"minecraft:iron_axe":512,"minecraft:golden_carrot":2,"minecraft:cooked_beef":14,"minecraft:cobbled_deepslate":314,"minecraft:acacia_planks":74,"minecraft:bamboo_planks":3,"minecraft:pointed_dripstone":7,"minecraft:cooked_mutton":9,"minecraft:acacia_boat":4,"minecraft:water_bucket":22,"minecraft:amethyst_block":1,"minecraft:birch_planks":12,"minecraft:lead":3,"minecraft:baked_potato":33,"minecraft:crafting_table":29,"minecraft:white_bed":3,"minecraft:oak_log":5,"minecraft:diamond_pickaxe":1020,"minecraft:apple":1,"minecraft:ominous_trial_key":2,"minecraft:mangrove_propagule":16,"minecraft:iron_pickaxe":1553,"minecraft:spruce_trapdoor":1,"minecraft:spruce_sapling":6,"minecraft:stone_axe":207,"minecraft:potion":1,"minecraft:cobblestone":426,"minecraft:cooked_porkchop":19,"minecraft:bucket":32},"minecraft:dropped":{"minecraft:guster_pottery_sherd":1,"minecraft:short_grass":1,"minecraft:lapis_lazuli":64,"minecraft:cooked_beef":4,"minecraft:baked_potato":33,"minecraft:oak_log":21,"minecraft:glow_ink_sac":3,"minecraft:cooked_porkchop":7,"minecraft:red_mushroom":10,"minecraft:dirt":4,"minecraft:mace":3,"minecraft:cornflower":1,"minecraft:chain":3,"minecraft:bone_meal":3,"minecraft:gold_ingot":26,"minecraft:gravel":8,"minecraft:stone_axe":1,"minecraft:sugar_cane":13,"minecraft:mangrove_roots":70,"minecraft:cooked_chicken":1,"minecraft:cobbled_deepslate":2,"minecraft:wheat":2,"minecraft:obsidian":9,"minecraft:pointed_dripstone":67,"minecraft:rotten_flesh":16,"minecraft:cooked_mutton":9,"minecraft:poppy":3,"minecraft:tipped_arrow":2,"minecraft:mangrove_log":3,"minecraft:melon_seeds":4,"minecraft:lingering_potion":2,"minecraft:spruce_pressure_plate":2,"minecraft:acacia_sapling":6,"minecraft:chiseled_tuff":1,"minecraft:egg":5,"minecraft:water_bucket":1,"minecraft:iron_ingot":1,"minecraft:wheat_seeds":39,"minecraft:dripstone_block":3,"minecraft:feather":1,"minecraft:waxed_copper_grate":1,"minecraft:polished_tuff":3,"minecraft:ominous_trial_key":3,"minecraft:coal":73,"minecraft:stick":1,"minecraft:lava_bucket":1,"minecraft:torch":33,"minecraft:wooden_axe":1,"minecraft:waxed_oxidized_copper":1,"minecraft:potion":2,"minecraft:iron_leggings":1,"minecraft:oak_stairs":1,"minecraft:lily_pad":1,"minecraft:dandelion":1,"minecraft:redstone":27,"minecraft:anvil":1,"minecraft:moss_carpet":10,"minecraft:tuff_bricks":4,"minecraft:polished_tuff_slab":1,"minecraft:tall_grass":2,"minecraft:pumpkin_seeds":3,"minecraft:shield":2,"minecraft:flower_pot":1,"minecraft:trial_key":5,"minecraft:spruce_trapdoor":2,"minecraft:spruce_planks":4,"minecraft:diamond_pickaxe":1,"minecraft:iron_chestplate":4,"minecraft:andesite":4,"minecraft:oak_boat":1,"minecraft:oak_sapling":1,"minecraft:barrel":1,"minecraft:stone_pickaxe":1,"minecraft:wooden_pickaxe":1},"minecraft:picked_up":{"minecraft:iron_chestplate":7,"minecraft:wheat":4,"minecraft:flower_pot":6,"minecraft:anvil":2,"minecraft:smithing_table":2,"minecraft:lead":9,"minecraft:oak_stairs":2,"minecraft:potion":4,"minecraft:enchanted_book":1,"minecraft:brewing_stand":1,"minecraft:golden_sword":2,"minecraft:amethyst_block":3,"minecraft:polished_deepslate":23,"minecraft:string":44,"minecraft:raw_copper":23,"minecraft:iron_leggings":5,"minecraft:gold_nugget":21,"minecraft:cobbled_deepslate":579,"minecraft:bucket":2,"minecraft:spruce_planks":33,"minecraft:trial_key":14,"minecraft:calcite":8,"minecraft:iron_pickaxe":1,"minecraft:mangrove_log":82,"minecraft:iron_boots":2,"minecraft:furnace":25,"minecraft:tipped_arrow":8,"minecraft:golden_helmet":2,"minecraft:spruce_pressure_plate":1,"minecraft:stick":68,"minecraft:torch":133,"minecraft:acacia_log":22,"minecraft:spruce_stairs":1,"minecraft:porkchop":2,"minecraft:diorite":46,"minecraft:waxed_copper_grate":16,"minecraft:pointed_dripstone":191,"minecraft:orange_bed":4,"minecraft:rotten_flesh":80,"minecraft:honey_bottle":1,"minecraft:mangrove_roots":178,"minecraft:obsidian":18,"minecraft:cobblestone":644,"minecraft:enchanting_table":4,"minecraft:birch_log":6,"minecraft:pink_petals":36,"minecraft:leather_chestplate":1,"minecraft:feather":1,"minecraft:cooked_beef":4,"minecraft:water_bucket":1,"minecraft:andesite":24,"minecraft:golden_leggings":3,"minecraft:smoker":1,"minecraft:potato":160,"minecraft:flint":2,"minecraft:tuff":32,"minecraft:acacia_boat":4,"minecraft:lapis_lazuli":243,"minecraft:dirt":444,"minecraft:name_tag":4,"minecraft:bone":68,"minecraft:acacia_planks":69,"minecraft:bow":3,"minecraft:wheat_seeds":42,"minecraft:raw_gold":36,"minecraft:diamond_helmet":2,"minecraft:scrape_pottery_sherd":1,"minecraft:oak_planks":115,"minecraft:cooked_porkchop":37,"minecraft:poisonous_potato":2,"minecraft:dead_bush":1,"minecraft:dark_oak_log":2,"minecraft:barrel":1,"minecraft:iron_hoe":1,"minecraft:diamond":26,"minecraft:waxed_oxidized_copper_grate":6,"minecraft:crossbow":1,"minecraft:granite":4,"minecraft:breeze_rod":19,"minecraft:bone_meal":135,"minecraft:golden_apple":12,"minecraft:emerald":31,"minecraft:bread":80,"minecraft:oak_sapling":15,"minecraft:ominous_trial_key":6,"minecraft:diamond_pickaxe":2,"minecraft:crafting_table":25,"minecraft:ominous_bottle":5,"minecraft:chicken":2,"minecraft:gold_block":1,"minecraft:chain":3,"minecraft:brick":26,"minecraft:shield":5,"minecraft:wind_charge":45,"minecraft:cornflower":1,"minecraft:flow_banner_pattern":1,"minecraft:moss_carpet":22,"minecraft:iron_axe":1,"minecraft:flint_and_steel":2,"minecraft:iron_shovel":1,"minecraft:beef":47,"minecraft:oak_boat":2,"minecraft:chiseled_tuff":2,"minecraft:iron_nugget":4,"minecraft:poppy":3,"minecraft:lectern":2,"minecraft:guster_pottery_sherd":1,"minecraft:chest":34,"minecraft:sugar_cane":117,"minecraft:spruce_trapdoor":1,"minecraft:waxed_oxidized_copper":2,"minecraft:egg":15,"minecraft:raw_iron":222,"minecraft:spruce_fence":6,"minecraft:fire_charge":2,"minecraft:mace":3,"minecraft:carrot":1,"minecraft:redstone":308,"minecraft:iron_horse_armor":3,"minecraft:dark_oak_planks":5,"minecraft:diamond_chestplate":1,"minecraft:arrow":97,"minecraft:hay_block":26,"minecraft:saddle":3,"minecraft:gold_ingot":58,"minecraft:tuff_bricks":79,"minecraft:mutton":5,"minecraft:white_wool":3,"minecraft:golden_carrot":2,"minecraft:glow_ink_sac":9,"minecraft:leather":29,"minecraft:red_glazed_terracotta":2,"minecraft:red_mushroom":10,"minecraft:waxed_copper_bulb":2,"minecraft:oak_log":119,"minecraft:lily_pad":2,"minecraft:golden_boots":4,"minecraft:cooked_mutton":25,"minecraft:apple":54,"minecraft:iron_ingot":83,"minecraft:polished_tuff_slab":1,"minecraft:cooked_chicken":12,"minecraft:tall_grass":2,"minecraft:iron_sword":1,"minecraft:mangrove_planks":93,"minecraft:oxidized_cut_copper":1,"minecraft:acacia_sapling":4,"minecraft:book":26,"minecraft:smooth_basalt":3,"minecraft:dandelion":1,"minecraft:dripstone_block":32,"minecraft:gravel":15,"minecraft:lava_bucket":4,"minecraft:amethyst_shard":168,"minecraft:spruce_sapling":7,"minecraft:white_bed":2,"minecraft:spruce_log":37,"minecraft:spider_eye":5,"minecraft:polished_tuff":3,"minecraft:pumpkin_seeds":3,"minecraft:slime_ball":29,"minecraft:stone_axe":1,"minecraft:short_grass":1,"minecraft:iron_helmet":1,"minecraft:diamond_axe":3,"minecraft:baked_potato":86,"minecraft:melon_seeds":12,"minecraft:mangrove_propagule":17,"minecraft:coal":936},"minecraft:crafted":{"minecraft:oak_planks":328,"minecraft:dark_oak_boat":1,"minecraft:cooked_mutton":5,"minecraft:spruce_pressure_plate":1,"minecraft:diamond_helmet":1,"minecraft:bow":1,"minecraft:iron_boots":1,"minecraft:cooked_porkchop":5,"minecraft:diamond_axe":1,"minecraft:crafting_table":8,"minecraft:spruce_planks":148,"minecraft:iron_helmet":2,"minecraft:wooden_pickaxe":3,"minecraft:baked_potato":52,"minecraft:birch_planks":24,"minecraft:spruce_trapdoor":2,"minecraft:iron_chestplate":3,"minecraft:diamond_pickaxe":2,"minecraft:shield":5,"minecraft:stick":308,"minecraft:iron_ingot":223,"minecraft:iron_pickaxe":9,"minecraft:iron_block":3,"minecraft:gold_ingot":32,"minecraft:furnace":4,"minecraft:bone_meal":159,"minecraft:spruce_fence":3,"minecraft:polished_deepslate":196,"minecraft:iron_axe":3,"minecraft:iron_hoe":1,"minecraft:stone_pickaxe":4,"minecraft:dark_oak_planks":8,"minecraft:wheat":234,"minecraft:cooked_beef":20,"minecraft:enchanting_table":1,"minecraft:iron_sword":1,"minecraft:mangrove_planks":212,"minecraft:bucket":3,"minecraft:stone_axe":3,"minecraft:acacia_boat":1,"minecraft:bread":78,"minecraft:air":0,"minecraft:oak_boat":2,"minecraft:golden_apple":6,"minecraft:wooden_axe":1,"minecraft:iron_shovel":2,"minecraft:anvil":1,"minecraft:white_bed":1,"minecraft:acacia_planks":88,"minecraft:torch":948,"minecraft:diamond_chestplate":1},"minecraft:killed_by":{"minecraft:creeper":1,"minecraft:zombie":4,"minecraft:stray":2,"minecraft:skeleton":1,"minecraft:breeze":1},"minecraft:killed":{"minecraft:spider":9,"minecraft:skeleton":10,"minecraft:chicken":1,"minecraft:pig":2,"minecraft:creeper":5,"minecraft:sheep":3,"minecraft:trader_llama":2,"minecraft:zombie":50,"minecraft:stray":18,"minecraft:cow":18,"minecraft:armadillo":1,"minecraft:slime":28,"minecraft:breeze":9}},"DataVersion":3955}