{"stats":{"minecraft:crafted":{"minecraft:oak_planks":256,"minecraft:dark_oak_boat":1,"minecraft:spruce_pressure_plate":1,"minecraft:cooked_mutton":5,"minecraft:diamond_helmet":1,"minecraft:bow":1,"minecraft:iron_boots":1,"minecraft:cooked_porkchop":2,"minecraft:diamond_axe":1,"minecraft:crafting_table":8,"minecraft:spruce_planks":80,"minecraft:baked_potato":12,"minecraft:wooden_pickaxe":3,"minecraft:iron_helmet":2,"minecraft:birch_planks":24,"minecraft:spruce_trapdoor":2,"minecraft:iron_chestplate":3,"minecraft:diamond_pickaxe":1,"minecraft:shield":3,"minecraft:stick":300,"minecraft:iron_ingot":223,"minecraft:iron_pickaxe":7,"minecraft:iron_block":3,"minecraft:gold_ingot":32,"minecraft:furnace":4,"minecraft:bone_meal":18,"minecraft:spruce_fence":3,"minecraft:polished_deepslate":196,"minecraft:iron_axe":3,"minecraft:stone_pickaxe":4,"minecraft:dark_oak_planks":8,"minecraft:wheat":234,"minecraft:cooked_beef":20,"minecraft:enchanting_table":1,"minecraft:iron_sword":1,"minecraft:mangrove_planks":212,"minecraft:bucket":3,"minecraft:stone_axe":3,"minecraft:acacia_boat":1,"minecraft:bread":78,"minecraft:air":0,"minecraft:oak_boat":2,"minecraft:golden_apple":3,"minecraft:wooden_axe":1,"minecraft:iron_shovel":2,"minecraft:anvil":1,"minecraft:white_bed":1,"minecraft:acacia_planks":88,"minecraft:torch":948},"minecraft:used":{"minecraft:iron_shovel":348,"minecraft:polished_deepslate":138,"minecraft:chest":15,"minecraft:shield":105,"minecraft:iron_sword":170,"minecraft:carrot":3,"minecraft:lava_bucket":4,"minecraft:golden_sword":5,"minecraft:bow":10,"minecraft:dark_oak_boat":1,"minecraft:mangrove_roots":29,"minecraft:furnace":17,"minecraft:diorite":2,"minecraft:oak_planks":91,"minecraft:stone_pickaxe":339,"minecraft:mangrove_planks":269,"minecraft:wooden_pickaxe":23,"minecraft:sugar_cane":36,"minecraft:diamond_axe":143,"minecraft:golden_apple":7,"minecraft:dripstone_block":23,"minecraft:bread":67,"minecraft:andesite":5,"minecraft:oak_boat":2,"minecraft:bone_meal":15,"minecraft:enchanting_table":4,"minecraft:flint_and_steel":4,"minecraft:spruce_planks":26,"minecraft:cooked_chicken":10,"minecraft:trial_key":3,"minecraft:orange_bed":3,"minecraft:torch":927,"minecraft:dirt":400,"minecraft:anvil":1,"minecraft:spruce_fence":7,"minecraft:dark_oak_planks":8,"minecraft:wooden_axe":45,"minecraft:iron_axe":512,"minecraft:cooked_beef":14,"minecraft:acacia_planks":74,"minecraft:cobbled_deepslate":314,"minecraft:bamboo_planks":3,"minecraft:pointed_dripstone":7,"minecraft:cooked_mutton":9,"minecraft:acacia_boat":4,"minecraft:water_bucket":21,"minecraft:amethyst_block":1,"minecraft:birch_planks":12,"minecraft:lead":3,"minecraft:baked_potato":12,"minecraft:crafting_table":29,"minecraft:white_bed":3,"minecraft:diamond_pickaxe":808,"minecraft:mangrove_propagule":7,"minecraft:iron_pickaxe":1553,"minecraft:spruce_trapdoor":1,"minecraft:spruce_sapling":6,"minecraft:stone_axe":207,"minecraft:cobblestone":426,"minecraft:cooked_porkchop":8,"minecraft:bucket":27},"minecraft:custom":{"minecraft:interact_with_crafting_table":93,"minecraft:open_barrel":4,"minecraft:leave_game":14,"minecraft:time_since_death":690952,"minecraft:sprint_one_cm":594260,"minecraft:damage_blocked_by_shield":3232,"minecraft:drop":75,"minecraft:talked_to_villager":6,"minecraft:play_time":846760,"minecraft:deaths":4,"minecraft:jump":10097,"minecraft:walk_on_water_one_cm":187145,"minecraft:enchant_item":2,"minecraft:interact_with_furnace":144,"minecraft:sleep_in_bed":27,"minecraft:damage_dealt":13620,"minecraft:crouch_one_cm":388943,"minecraft:inspect_dispenser":20,"minecraft:horse_one_cm":1664116,"minecraft:interact_with_anvil":1,"minecraft:mob_kills":82,"minecraft:climb_one_cm":5045,"minecraft:walk_one_cm":1990889,"minecraft:sneak_time":125749,"minecraft:walk_under_water_one_cm":144757,"minecraft:boat_one_cm":204358,"minecraft:total_world_time":846760,"minecraft:time_since_rest":43693,"minecraft:damage_taken":7983,"minecraft:damage_absorbed":279,"minecraft:swim_one_cm":35577,"minecraft:fly_one_cm":1018936,"minecraft:open_chest":209,"minecraft:fall_one_cm":279749},"minecraft:broken":{"minecraft:iron_shovel":1,"minecraft:stone_pickaxe":2,"minecraft:iron_axe":2,"minecraft:iron_pickaxe":5},"minecraft:dropped":{"minecraft:short_grass":1,"minecraft:lapis_lazuli":64,"minecraft:glow_ink_sac":3,"minecraft:red_mushroom":10,"minecraft:dirt":4,"minecraft:cornflower":1,"minecraft:bone_meal":3,"minecraft:gold_ingot":26,"minecraft:gravel":8,"minecraft:stone_axe":1,"minecraft:sugar_cane":13,"minecraft:mangrove_roots":70,"minecraft:cobbled_deepslate":2,"minecraft:wheat":2,"minecraft:obsidian":9,"minecraft:pointed_dripstone":67,"minecraft:rotten_flesh":16,"minecraft:cooked_mutton":4,"minecraft:poppy":3,"minecraft:tipped_arrow":2,"minecraft:mangrove_log":3,"minecraft:melon_seeds":4,"minecraft:lingering_potion":2,"minecraft:spruce_pressure_plate":2,"minecraft:acacia_sapling":6,"minecraft:chiseled_tuff":1,"minecraft:egg":5,"minecraft:water_bucket":1,"minecraft:iron_ingot":1,"minecraft:wheat_seeds":39,"minecraft:dripstone_block":3,"minecraft:feather":1,"minecraft:coal":73,"minecraft:stick":1,"minecraft:lava_bucket":1,"minecraft:torch":33,"minecraft:wooden_axe":1,"minecraft:iron_leggings":1,"minecraft:oak_stairs":1,"minecraft:lily_pad":1,"minecraft:dandelion":1,"minecraft:redstone":27,"minecraft:anvil":1,"minecraft:moss_carpet":10,"minecraft:tuff_bricks":4,"minecraft:polished_tuff_slab":1,"minecraft:tall_grass":2,"minecraft:pumpkin_seeds":3,"minecraft:trial_key":1,"minecraft:spruce_trapdoor":2,"minecraft:spruce_planks":4,"minecraft:iron_chestplate":1,"minecraft:andesite":4,"minecraft:oak_sapling":1,"minecraft:barrel":1,"minecraft:stone_pickaxe":1,"minecraft:wooden_pickaxe":1},"minecraft:killed_by":{"minecraft:zombie":3,"minecraft:skeleton":1},"minecraft:killed":{"minecraft:spider":9,"minecraft:skeleton":10,"minecraft:chicken":1,"minecraft:pig":2,"minecraft:creeper":4,"minecraft:sheep":3,"minecraft:trader_llama":2,"minecraft:zombie":21,"minecraft:stray":5,"minecraft:cow":18,"minecraft:armadillo":1,"minecraft:breeze":4},"minecraft:picked_up":{"minecraft:iron_chestplate":2,"minecraft:wheat":4,"minecraft:anvil":2,"minecraft:smithing_table":2,"minecraft:lead":9,"minecraft:oak_stairs":2,"minecraft:enchanted_book":1,"minecraft:potion":1,"minecraft:brewing_stand":1,"minecraft:golden_sword":2,"minecraft:amethyst_block":3,"minecraft:polished_deepslate":23,"minecraft:string":44,"minecraft:raw_copper":23,"minecraft:iron_leggings":4,"minecraft:gold_nugget":21,"minecraft:cobbled_deepslate":578,"minecraft:bucket":1,"minecraft:spruce_planks":32,"minecraft:trial_key":5,"minecraft:calcite":8,"minecraft:iron_pickaxe":1,"minecraft:mangrove_log":56,"minecraft:furnace":25,"minecraft:tipped_arrow":7,"minecraft:golden_helmet":1,"minecraft:spruce_pressure_plate":1,"minecraft:stick":18,"minecraft:torch":109,"minecraft:acacia_log":22,"minecraft:spruce_stairs":1,"minecraft:porkchop":2,"minecraft:waxed_copper_grate":9,"minecraft:pointed_dripstone":191,"minecraft:diorite":46,"minecraft:orange_bed":4,"minecraft:rotten_flesh":60,"minecraft:mangrove_roots":105,"minecraft:obsidian":18,"minecraft:cobblestone":644,"minecraft:enchanting_table":4,"minecraft:birch_log":6,"minecraft:pink_petals":36,"minecraft:leather_chestplate":1,"minecraft:feather":1,"minecraft:cooked_beef":1,"minecraft:water_bucket":1,"minecraft:andesite":24,"minecraft:golden_leggings":2,"minecraft:smoker":1,"minecraft:potato":34,"minecraft:flint":2,"minecraft:tuff":32,"minecraft:acacia_boat":4,"minecraft:lapis_lazuli":243,"minecraft:dirt":424,"minecraft:name_tag":4,"minecraft:bone":42,"minecraft:acacia_planks":69,"minecraft:wheat_seeds":40,"minecraft:raw_gold":36,"minecraft:oak_planks":45,"minecraft:cooked_porkchop":24,"minecraft:dark_oak_log":2,"minecraft:barrel":1,"minecraft:diamond":14,"minecraft:waxed_oxidized_copper_grate":3,"minecraft:breeze_rod":7,"minecraft:granite":4,"minecraft:bone_meal":3,"minecraft:golden_apple":11,"minecraft:bread":71,"minecraft:emerald":18,"minecraft:oak_sapling":15,"minecraft:crafting_table":25,"minecraft:ominous_bottle":1,"minecraft:chicken":2,"minecraft:gold_block":1,"minecraft:shield":1,"minecraft:wind_charge":14,"minecraft:cornflower":1,"minecraft:moss_carpet":10,"minecraft:flint_and_steel":2,"minecraft:beef":47,"minecraft:oak_boat":1,"minecraft:chiseled_tuff":1,"minecraft:iron_nugget":4,"minecraft:poppy":3,"minecraft:chest":34,"minecraft:lectern":2,"minecraft:sugar_cane":117,"minecraft:spruce_trapdoor":1,"minecraft:waxed_oxidized_copper":1,"minecraft:egg":15,"minecraft:raw_iron":222,"minecraft:spruce_fence":6,"minecraft:fire_charge":2,"minecraft:redstone":308,"minecraft:iron_horse_armor":3,"minecraft:dark_oak_planks":5,"minecraft:arrow":25,"minecraft:hay_block":26,"minecraft:saddle":3,"minecraft:gold_ingot":58,"minecraft:tuff_bricks":4,"minecraft:mutton":5,"minecraft:white_wool":3,"minecraft:glow_ink_sac":9,"minecraft:leather":29,"minecraft:red_glazed_terracotta":2,"minecraft:red_mushroom":10,"minecraft:oak_log":75,"minecraft:lily_pad":2,"minecraft:golden_boots":4,"minecraft:cooked_mutton":25,"minecraft:apple":54,"minecraft:iron_ingot":71,"minecraft:polished_tuff_slab":1,"minecraft:cooked_chicken":11,"minecraft:tall_grass":2,"minecraft:oxidized_cut_copper":1,"minecraft:mangrove_planks":93,"minecraft:acacia_sapling":4,"minecraft:iron_sword":1,"minecraft:book":26,"minecraft:smooth_basalt":3,"minecraft:dandelion":1,"minecraft:dripstone_block":32,"minecraft:gravel":15,"minecraft:lava_bucket":3,"minecraft:amethyst_shard":168,"minecraft:spruce_sapling":6,"minecraft:white_bed":2,"minecraft:spruce_log":26,"minecraft:spider_eye":5,"minecraft:pumpkin_seeds":3,"minecraft:stone_axe":1,"minecraft:short_grass":1,"minecraft:iron_helmet":1,"minecraft:diamond_axe":1,"minecraft:baked_potato":2,"minecraft:melon_seeds":12,"minecraft:coal":936,"minecraft:mangrove_propagule":7},"minecraft:mined":{"minecraft:dark_oak_planks":5,"minecraft:large_amethyst_bud":1,"minecraft:spruce_planks":28,"minecraft:white_bed":2,"minecraft:brewing_stand":1,"minecraft:spruce_trapdoor":1,"minecraft:granite":4,"minecraft:budding_amethyst":1,"minecraft:acacia_log":23,"minecraft:grass_block":310,"minecraft:chiseled_tuff_bricks":3,"minecraft:tuff_bricks":13,"minecraft:raw_iron_block":1,"minecraft:iron_ore":121,"minecraft:cobbled_deepslate":24,"minecraft:polished_tuff":1,"minecraft:moss_carpet":3,"minecraft:deepslate_lapis_ore":16,"minecraft:enchanting_table":4,"minecraft:pointed_dripstone":65,"minecraft:dirt_path":1,"minecraft:oak_stairs":1,"minecraft:orange_bed":4,"minecraft:deepslate_redstone_ore":43,"minecraft:smoker":1,"minecraft:medium_amethyst_bud":1,"minecraft:amethyst_cluster":22,"minecraft:powder_snow":5,"minecraft:torch":32,"minecraft:calcite":8,"minecraft:chest":26,"minecraft:mushroom_stem":1,"minecraft:cobblestone":71,"minecraft:grindstone":2,"minecraft:sugar_cane":45,"minecraft:oak_planks":21,"minecraft:wall_torch":31,"minecraft:amethyst_block":4,"minecraft:deepslate_copper_ore":1,"minecraft:pink_petals":7,"minecraft:waxed_copper_bulb":2,"minecraft:red_candle":1,"minecraft:birch_log":6,"minecraft:oak_log":73,"minecraft:waxed_oxidized_copper":1,"minecraft:dirt":95,"minecraft:mangrove_log":55,"minecraft:smooth_basalt":3,"minecraft:red_mushroom_block":10,"minecraft:oak_leaves":51,"minecraft:deepslate":778,"minecraft:tuff":53,"minecraft:deepslate_diamond_ore":14,"minecraft:dark_oak_log":2,"minecraft:mangrove_roots":105,"minecraft:spruce_fence":6,"minecraft:spruce_leaves":64,"minecraft:mangrove_propagule":5,"minecraft:hay_block":27,"minecraft:oxidized_cut_copper":1,"minecraft:furnace":19,"minecraft:waxed_copper_grate":9,"minecraft:andesite":22,"minecraft:gold_block":1,"minecraft:polished_deepslate":24,"minecraft:bookshelf":4,"minecraft:deepslate_iron_ore":108,"minecraft:vine":16,"minecraft:stone":600,"minecraft:smithing_table":1,"minecraft:waxed_exposed_copper_bulb":1,"minecraft:acacia_leaves":48,"minecraft:crafting_table":24,"minecraft:short_grass":39,"minecraft:emerald_ore":8,"minecraft:lectern":1,"minecraft:tall_grass":10,"minecraft:copper_ore":4,"minecraft:deepslate_coal_ore":2,"minecraft:red_glazed_terracotta":2,"minecraft:lapis_ore":8,"minecraft:deepslate_gold_ore":32,"minecraft:lily_pad":1,"minecraft:diorite":36,"minecraft:spruce_stairs":1,"minecraft:waxed_oxidized_copper_grate":4,"minecraft:spruce_log":26,"minecraft:birch_leaves":2,"minecraft:mangrove_planks":93,"minecraft:mangrove_leaves":201,"minecraft:coal_ore":499,"minecraft:cherry_leaves":3,"minecraft:gravel":12,"minecraft:dripstone_block":47,"minecraft:acacia_planks":11,"minecraft:gold_ore":5}},"DataVersion":3955}