{"stats":{"minecraft:crafted":{"minecraft:oak_planks":256,"minecraft:dark_oak_boat":1,"minecraft:spruce_pressure_plate":1,"minecraft:cooked_mutton":5,"minecraft:bow":1,"minecraft:iron_boots":1,"minecraft:cooked_porkchop":2,"minecraft:diamond_axe":1,"minecraft:crafting_table":8,"minecraft:spruce_planks":80,"minecraft:wooden_pickaxe":3,"minecraft:iron_helmet":2,"minecraft:birch_planks":24,"minecraft:spruce_trapdoor":2,"minecraft:iron_chestplate":3,"minecraft:diamond_pickaxe":1,"minecraft:shield":3,"minecraft:stick":288,"minecraft:iron_ingot":188,"minecraft:iron_pickaxe":7,"minecraft:iron_block":3,"minecraft:gold_ingot":10,"minecraft:furnace":4,"minecraft:bone_meal":18,"minecraft:spruce_fence":3,"minecraft:polished_deepslate":196,"minecraft:iron_axe":3,"minecraft:stone_pickaxe":4,"minecraft:dark_oak_planks":8,"minecraft:wheat":234,"minecraft:cooked_beef":20,"minecraft:iron_sword":1,"minecraft:mangrove_planks":212,"minecraft:bucket":3,"minecraft:stone_axe":3,"minecraft:acacia_boat":1,"minecraft:bread":78,"minecraft:air":0,"minecraft:oak_boat":1,"minecraft:wooden_axe":1,"minecraft:iron_shovel":2,"minecraft:anvil":1,"minecraft:white_bed":1,"minecraft:acacia_planks":88,"minecraft:torch":880},"minecraft:used":{"minecraft:iron_shovel":348,"minecraft:polished_deepslate":138,"minecraft:chest":14,"minecraft:shield":81,"minecraft:iron_sword":161,"minecraft:carrot":3,"minecraft:lava_bucket":4,"minecraft:golden_sword":5,"minecraft:bow":10,"minecraft:dark_oak_boat":1,"minecraft:mangrove_roots":29,"minecraft:furnace":17,"minecraft:diorite":2,"minecraft:oak_planks":74,"minecraft:stone_pickaxe":339,"minecraft:mangrove_planks":269,"minecraft:wooden_pickaxe":23,"minecraft:sugar_cane":29,"minecraft:diamond_axe":70,"minecraft:dripstone_block":23,"minecraft:bread":64,"minecraft:andesite":5,"minecraft:oak_boat":1,"minecraft:bone_meal":15,"minecraft:flint_and_steel":4,"minecraft:spruce_planks":26,"minecraft:cooked_chicken":10,"minecraft:orange_bed":3,"minecraft:torch":852,"minecraft:dirt":400,"minecraft:spruce_fence":5,"minecraft:dark_oak_planks":8,"minecraft:wooden_axe":45,"minecraft:iron_axe":512,"minecraft:cooked_beef":12,"minecraft:acacia_planks":74,"minecraft:cobbled_deepslate":241,"minecraft:pointed_dripstone":7,"minecraft:cooked_mutton":9,"minecraft:acacia_boat":4,"minecraft:water_bucket":11,"minecraft:amethyst_block":1,"minecraft:birch_planks":12,"minecraft:lead":2,"minecraft:crafting_table":29,"minecraft:white_bed":3,"minecraft:diamond_pickaxe":512,"minecraft:mangrove_propagule":7,"minecraft:iron_pickaxe":1553,"minecraft:spruce_trapdoor":1,"minecraft:spruce_sapling":5,"minecraft:stone_axe":207,"minecraft:cobblestone":426,"minecraft:cooked_porkchop":3,"minecraft:bucket":17},"minecraft:custom":{"minecraft:interact_with_crafting_table":86,"minecraft:leave_game":13,"minecraft:time_since_death":574124,"minecraft:sprint_one_cm":456524,"minecraft:damage_blocked_by_shield":2472,"minecraft:drop":63,"minecraft:talked_to_villager":6,"minecraft:play_time":729932,"minecraft:deaths":4,"minecraft:jump":8646,"minecraft:walk_on_water_one_cm":162424,"minecraft:interact_with_furnace":119,"minecraft:sleep_in_bed":24,"minecraft:damage_dealt":10131,"minecraft:crouch_one_cm":341109,"minecraft:horse_one_cm":1382036,"minecraft:mob_kills":62,"minecraft:climb_one_cm":2063,"minecraft:walk_one_cm":1581819,"minecraft:sneak_time":115008,"minecraft:walk_under_water_one_cm":135276,"minecraft:boat_one_cm":204356,"minecraft:total_world_time":729932,"minecraft:time_since_rest":71521,"minecraft:damage_taken":6096,"minecraft:swim_one_cm":35577,"minecraft:fly_one_cm":856190,"minecraft:open_chest":123,"minecraft:fall_one_cm":234815},"minecraft:broken":{"minecraft:iron_shovel":1,"minecraft:stone_pickaxe":2,"minecraft:iron_axe":2,"minecraft:iron_pickaxe":5},"minecraft:dropped":{"minecraft:short_grass":1,"minecraft:lapis_lazuli":64,"minecraft:glow_ink_sac":3,"minecraft:red_mushroom":10,"minecraft:dirt":4,"minecraft:cornflower":1,"minecraft:bone_meal":3,"minecraft:gold_ingot":26,"minecraft:stone_axe":1,"minecraft:sugar_cane":13,"minecraft:mangrove_roots":70,"minecraft:cobbled_deepslate":2,"minecraft:wheat":2,"minecraft:obsidian":9,"minecraft:pointed_dripstone":64,"minecraft:rotten_flesh":16,"minecraft:cooked_mutton":4,"minecraft:poppy":3,"minecraft:mangrove_log":3,"minecraft:melon_seeds":4,"minecraft:spruce_pressure_plate":2,"minecraft:acacia_sapling":6,"minecraft:egg":5,"minecraft:water_bucket":1,"minecraft:iron_ingot":1,"minecraft:wheat_seeds":39,"minecraft:dripstone_block":3,"minecraft:feather":1,"minecraft:coal":55,"minecraft:stick":1,"minecraft:lava_bucket":1,"minecraft:torch":1,"minecraft:wooden_axe":1,"minecraft:iron_leggings":1,"minecraft:oak_stairs":1,"minecraft:lily_pad":1,"minecraft:dandelion":1,"minecraft:redstone":27,"minecraft:anvil":1,"minecraft:moss_carpet":10,"minecraft:tall_grass":2,"minecraft:pumpkin_seeds":3,"minecraft:spruce_trapdoor":2,"minecraft:spruce_planks":4,"minecraft:andesite":4,"minecraft:oak_sapling":1,"minecraft:barrel":1,"minecraft:stone_pickaxe":1,"minecraft:wooden_pickaxe":1},"minecraft:killed_by":{"minecraft:zombie":3,"minecraft:skeleton":1},"minecraft:killed":{"minecraft:spider":9,"minecraft:skeleton":10,"minecraft:pig":2,"minecraft:creeper":4,"minecraft:sheep":3,"minecraft:trader_llama":2,"minecraft:zombie":11,"minecraft:cow":18,"minecraft:armadillo":1},"minecraft:picked_up":{"minecraft:iron_chestplate":1,"minecraft:wheat":4,"minecraft:anvil":2,"minecraft:smithing_table":2,"minecraft:lead":7,"minecraft:oak_stairs":2,"minecraft:brewing_stand":1,"minecraft:golden_sword":2,"minecraft:amethyst_block":3,"minecraft:polished_deepslate":23,"minecraft:string":44,"minecraft:raw_copper":23,"minecraft:iron_leggings":4,"minecraft:gold_nugget":21,"minecraft:cobbled_deepslate":491,"minecraft:bucket":1,"minecraft:spruce_planks":32,"minecraft:calcite":8,"minecraft:iron_pickaxe":1,"minecraft:mangrove_log":56,"minecraft:furnace":25,"minecraft:golden_helmet":1,"minecraft:spruce_pressure_plate":1,"minecraft:stick":18,"minecraft:torch":74,"minecraft:acacia_log":22,"minecraft:spruce_stairs":1,"minecraft:porkchop":2,"minecraft:pointed_dripstone":185,"minecraft:diorite":46,"minecraft:orange_bed":4,"minecraft:rotten_flesh":54,"minecraft:mangrove_roots":105,"minecraft:obsidian":18,"minecraft:cobblestone":644,"minecraft:birch_log":6,"minecraft:pink_petals":36,"minecraft:leather_chestplate":1,"minecraft:feather":1,"minecraft:cooked_beef":1,"minecraft:water_bucket":1,"minecraft:andesite":24,"minecraft:golden_leggings":2,"minecraft:smoker":1,"minecraft:potato":34,"minecraft:flint":2,"minecraft:tuff":32,"minecraft:acacia_boat":4,"minecraft:lapis_lazuli":234,"minecraft:dirt":424,"minecraft:name_tag":4,"minecraft:bone":26,"minecraft:acacia_planks":69,"minecraft:wheat_seeds":40,"minecraft:raw_gold":36,"minecraft:oak_planks":43,"minecraft:cooked_porkchop":1,"minecraft:dark_oak_log":2,"minecraft:barrel":1,"minecraft:diamond":7,"minecraft:granite":4,"minecraft:bone_meal":3,"minecraft:golden_apple":2,"minecraft:bread":70,"minecraft:emerald":18,"minecraft:oak_sapling":15,"minecraft:crafting_table":25,"minecraft:gold_block":1,"minecraft:shield":1,"minecraft:cornflower":1,"minecraft:moss_carpet":10,"minecraft:flint_and_steel":2,"minecraft:beef":47,"minecraft:iron_nugget":4,"minecraft:poppy":3,"minecraft:chest":33,"minecraft:lectern":2,"minecraft:sugar_cane":68,"minecraft:spruce_trapdoor":1,"minecraft:egg":13,"minecraft:raw_iron":221,"minecraft:spruce_fence":4,"minecraft:fire_charge":2,"minecraft:redstone":287,"minecraft:iron_horse_armor":3,"minecraft:dark_oak_planks":5,"minecraft:arrow":14,"minecraft:hay_block":26,"minecraft:saddle":3,"minecraft:gold_ingot":58,"minecraft:mutton":5,"minecraft:white_wool":3,"minecraft:glow_ink_sac":9,"minecraft:leather":29,"minecraft:red_mushroom":10,"minecraft:oak_log":75,"minecraft:lily_pad":2,"minecraft:golden_boots":3,"minecraft:cooked_mutton":16,"minecraft:apple":49,"minecraft:iron_ingot":71,"minecraft:cooked_chicken":10,"minecraft:tall_grass":2,"minecraft:mangrove_planks":93,"minecraft:acacia_sapling":4,"minecraft:iron_sword":1,"minecraft:book":26,"minecraft:smooth_basalt":3,"minecraft:dandelion":1,"minecraft:dripstone_block":30,"minecraft:gravel":15,"minecraft:lava_bucket":3,"minecraft:amethyst_shard":168,"minecraft:spruce_sapling":5,"minecraft:white_bed":2,"minecraft:spruce_log":20,"minecraft:spider_eye":5,"minecraft:pumpkin_seeds":3,"minecraft:stone_axe":1,"minecraft:short_grass":1,"minecraft:iron_helmet":1,"minecraft:melon_seeds":12,"minecraft:coal":936,"minecraft:mangrove_propagule":7},"minecraft:mined":{"minecraft:dark_oak_planks":5,"minecraft:large_amethyst_bud":1,"minecraft:spruce_planks":28,"minecraft:white_bed":2,"minecraft:brewing_stand":1,"minecraft:spruce_trapdoor":1,"minecraft:granite":4,"minecraft:budding_amethyst":1,"minecraft:acacia_log":23,"minecraft:grass_block":310,"minecraft:tuff_bricks":5,"minecraft:iron_ore":121,"minecraft:cobbled_deepslate":17,"minecraft:polished_tuff":1,"minecraft:moss_carpet":3,"minecraft:deepslate_lapis_ore":15,"minecraft:pointed_dripstone":62,"minecraft:dirt_path":1,"minecraft:oak_stairs":1,"minecraft:orange_bed":4,"minecraft:deepslate_redstone_ore":38,"minecraft:smoker":1,"minecraft:medium_amethyst_bud":1,"minecraft:amethyst_cluster":22,"minecraft:powder_snow":5,"minecraft:torch":32,"minecraft:calcite":8,"minecraft:chest":25,"minecraft:mushroom_stem":1,"minecraft:cobblestone":71,"minecraft:grindstone":2,"minecraft:sugar_cane":20,"minecraft:oak_planks":19,"minecraft:wall_torch":29,"minecraft:amethyst_block":4,"minecraft:deepslate_copper_ore":1,"minecraft:pink_petals":7,"minecraft:birch_log":6,"minecraft:oak_log":73,"minecraft:dirt":95,"minecraft:mangrove_log":55,"minecraft:smooth_basalt":3,"minecraft:red_mushroom_block":10,"minecraft:oak_leaves":51,"minecraft:deepslate":556,"minecraft:tuff":48,"minecraft:deepslate_diamond_ore":7,"minecraft:dark_oak_log":2,"minecraft:mangrove_roots":105,"minecraft:spruce_fence":4,"minecraft:spruce_leaves":62,"minecraft:mangrove_propagule":5,"minecraft:hay_block":27,"minecraft:furnace":19,"minecraft:andesite":22,"minecraft:gold_block":1,"minecraft:polished_deepslate":24,"minecraft:bookshelf":4,"minecraft:deepslate_iron_ore":107,"minecraft:vine":16,"minecraft:stone":600,"minecraft:smithing_table":1,"minecraft:acacia_leaves":48,"minecraft:crafting_table":24,"minecraft:short_grass":38,"minecraft:emerald_ore":8,"minecraft:lectern":1,"minecraft:tall_grass":10,"minecraft:copper_ore":4,"minecraft:deepslate_coal_ore":2,"minecraft:lapis_ore":8,"minecraft:deepslate_gold_ore":32,"minecraft:lily_pad":1,"minecraft:diorite":36,"minecraft:spruce_stairs":1,"minecraft:spruce_log":20,"minecraft:birch_leaves":2,"minecraft:mangrove_planks":93,"minecraft:mangrove_leaves":201,"minecraft:coal_ore":499,"minecraft:cherry_leaves":3,"minecraft:gravel":9,"minecraft:dripstone_block":45,"minecraft:acacia_planks":11,"minecraft:gold_ore":5}},"DataVersion":3955}