{"stats":{"minecraft:crafted":{"minecraft:oak_planks":216,"minecraft:dark_oak_boat":1,"minecraft:spruce_pressure_plate":1,"minecraft:cooked_mutton":5,"minecraft:bow":1,"minecraft:iron_boots":1,"minecraft:cooked_porkchop":2,"minecraft:diamond_axe":1,"minecraft:crafting_table":8,"minecraft:spruce_planks":80,"minecraft:wooden_pickaxe":3,"minecraft:iron_helmet":2,"minecraft:birch_planks":24,"minecraft:spruce_trapdoor":2,"minecraft:iron_chestplate":3,"minecraft:diamond_pickaxe":1,"minecraft:shield":3,"minecraft:stick":228,"minecraft:iron_ingot":176,"minecraft:iron_pickaxe":7,"minecraft:iron_block":3,"minecraft:gold_ingot":10,"minecraft:furnace":4,"minecraft:bone_meal":18,"minecraft:spruce_fence":3,"minecraft:polished_deepslate":196,"minecraft:iron_axe":3,"minecraft:stone_pickaxe":4,"minecraft:dark_oak_planks":8,"minecraft:wheat":234,"minecraft:cooked_beef":11,"minecraft:iron_sword":1,"minecraft:mangrove_planks":200,"minecraft:bucket":3,"minecraft:stone_axe":3,"minecraft:acacia_boat":1,"minecraft:bread":78,"minecraft:air":0,"minecraft:oak_boat":1,"minecraft:wooden_axe":1,"minecraft:iron_shovel":2,"minecraft:anvil":1,"minecraft:white_bed":1,"minecraft:acacia_planks":88,"minecraft:torch":660},"minecraft:used":{"minecraft:iron_shovel":340,"minecraft:polished_deepslate":138,"minecraft:chest":12,"minecraft:shield":78,"minecraft:iron_sword":142,"minecraft:carrot":3,"minecraft:golden_sword":5,"minecraft:bow":1,"minecraft:dark_oak_boat":1,"minecraft:mangrove_roots":29,"minecraft:furnace":17,"minecraft:diorite":2,"minecraft:stone_pickaxe":339,"minecraft:mangrove_planks":269,"minecraft:oak_planks":74,"minecraft:wooden_pickaxe":23,"minecraft:diamond_axe":47,"minecraft:sugar_cane":29,"minecraft:dripstone_block":21,"minecraft:bread":61,"minecraft:andesite":5,"minecraft:oak_boat":1,"minecraft:bone_meal":15,"minecraft:flint_and_steel":4,"minecraft:spruce_planks":26,"minecraft:cooked_chicken":10,"minecraft:orange_bed":3,"minecraft:torch":659,"minecraft:dirt":398,"minecraft:spruce_fence":3,"minecraft:wooden_axe":45,"minecraft:dark_oak_planks":8,"minecraft:iron_axe":512,"minecraft:cooked_beef":5,"minecraft:acacia_planks":74,"minecraft:cobbled_deepslate":205,"minecraft:pointed_dripstone":7,"minecraft:cooked_mutton":9,"minecraft:acacia_boat":4,"minecraft:water_bucket":7,"minecraft:amethyst_block":1,"minecraft:birch_planks":12,"minecraft:lead":1,"minecraft:crafting_table":29,"minecraft:white_bed":3,"minecraft:diamond_pickaxe":165,"minecraft:mangrove_propagule":7,"minecraft:iron_pickaxe":1553,"minecraft:spruce_trapdoor":1,"minecraft:spruce_sapling":5,"minecraft:stone_axe":207,"minecraft:cobblestone":371,"minecraft:cooked_porkchop":3,"minecraft:bucket":10},"minecraft:custom":{"minecraft:interact_with_crafting_table":86,"minecraft:leave_game":8,"minecraft:time_since_death":467880,"minecraft:sprint_one_cm":426824,"minecraft:damage_blocked_by_shield":2392,"minecraft:drop":63,"minecraft:talked_to_villager":6,"minecraft:play_time":623688,"minecraft:deaths":4,"minecraft:jump":7996,"minecraft:walk_on_water_one_cm":146833,"minecraft:interact_with_furnace":117,"minecraft:sleep_in_bed":22,"minecraft:damage_dealt":9174,"minecraft:crouch_one_cm":315149,"minecraft:horse_one_cm":1273491,"minecraft:mob_kills":55,"minecraft:climb_one_cm":2063,"minecraft:walk_one_cm":1425183,"minecraft:sneak_time":103474,"minecraft:walk_under_water_one_cm":123329,"minecraft:boat_one_cm":204356,"minecraft:total_world_time":623688,"minecraft:time_since_rest":63349,"minecraft:damage_taken":5351,"minecraft:swim_one_cm":35577,"minecraft:fly_one_cm":822905,"minecraft:open_chest":113,"minecraft:fall_one_cm":212304},"minecraft:broken":{"minecraft:iron_shovel":1,"minecraft:stone_pickaxe":2,"minecraft:iron_axe":2,"minecraft:iron_pickaxe":5},"minecraft:dropped":{"minecraft:short_grass":1,"minecraft:lapis_lazuli":64,"minecraft:glow_ink_sac":3,"minecraft:red_mushroom":10,"minecraft:dirt":4,"minecraft:cornflower":1,"minecraft:bone_meal":3,"minecraft:gold_ingot":26,"minecraft:stone_axe":1,"minecraft:sugar_cane":13,"minecraft:mangrove_roots":70,"minecraft:cobbled_deepslate":2,"minecraft:wheat":2,"minecraft:obsidian":9,"minecraft:pointed_dripstone":64,"minecraft:rotten_flesh":16,"minecraft:cooked_mutton":4,"minecraft:poppy":3,"minecraft:mangrove_log":3,"minecraft:melon_seeds":4,"minecraft:spruce_pressure_plate":2,"minecraft:acacia_sapling":6,"minecraft:egg":5,"minecraft:water_bucket":1,"minecraft:iron_ingot":1,"minecraft:wheat_seeds":39,"minecraft:dripstone_block":3,"minecraft:feather":1,"minecraft:coal":55,"minecraft:stick":1,"minecraft:lava_bucket":1,"minecraft:torch":1,"minecraft:wooden_axe":1,"minecraft:iron_leggings":1,"minecraft:oak_stairs":1,"minecraft:lily_pad":1,"minecraft:dandelion":1,"minecraft:redstone":27,"minecraft:anvil":1,"minecraft:moss_carpet":10,"minecraft:tall_grass":2,"minecraft:pumpkin_seeds":3,"minecraft:spruce_trapdoor":2,"minecraft:spruce_planks":4,"minecraft:andesite":4,"minecraft:oak_sapling":1,"minecraft:barrel":1,"minecraft:stone_pickaxe":1,"minecraft:wooden_pickaxe":1},"minecraft:killed_by":{"minecraft:zombie":3,"minecraft:skeleton":1},"minecraft:killed":{"minecraft:spider":8,"minecraft:skeleton":7,"minecraft:pig":2,"minecraft:creeper":4,"minecraft:sheep":3,"minecraft:trader_llama":2,"minecraft:zombie":8,"minecraft:cow":18,"minecraft:armadillo":1},"minecraft:picked_up":{"minecraft:iron_chestplate":1,"minecraft:wheat":4,"minecraft:anvil":2,"minecraft:smithing_table":2,"minecraft:lead":6,"minecraft:oak_stairs":2,"minecraft:brewing_stand":1,"minecraft:golden_sword":2,"minecraft:amethyst_block":3,"minecraft:polished_deepslate":23,"minecraft:string":41,"minecraft:raw_copper":23,"minecraft:iron_leggings":4,"minecraft:gold_nugget":21,"minecraft:cobbled_deepslate":405,"minecraft:spruce_planks":32,"minecraft:calcite":8,"minecraft:iron_pickaxe":1,"minecraft:mangrove_log":56,"minecraft:furnace":25,"minecraft:golden_helmet":1,"minecraft:spruce_pressure_plate":1,"minecraft:stick":18,"minecraft:torch":65,"minecraft:acacia_log":22,"minecraft:spruce_stairs":1,"minecraft:porkchop":2,"minecraft:pointed_dripstone":185,"minecraft:diorite":46,"minecraft:orange_bed":4,"minecraft:rotten_flesh":39,"minecraft:mangrove_roots":105,"minecraft:obsidian":18,"minecraft:cobblestone":605,"minecraft:birch_log":6,"minecraft:pink_petals":36,"minecraft:leather_chestplate":1,"minecraft:feather":1,"minecraft:cooked_beef":1,"minecraft:water_bucket":1,"minecraft:andesite":21,"minecraft:golden_leggings":2,"minecraft:smoker":1,"minecraft:potato":34,"minecraft:flint":2,"minecraft:acacia_boat":4,"minecraft:dirt":422,"minecraft:lapis_lazuli":222,"minecraft:bone":21,"minecraft:acacia_planks":69,"minecraft:wheat_seeds":40,"minecraft:raw_gold":19,"minecraft:oak_planks":43,"minecraft:cooked_porkchop":1,"minecraft:dark_oak_log":2,"minecraft:barrel":1,"minecraft:diamond":6,"minecraft:granite":4,"minecraft:bone_meal":3,"minecraft:golden_apple":1,"minecraft:bread":68,"minecraft:emerald":18,"minecraft:oak_sapling":15,"minecraft:crafting_table":25,"minecraft:gold_block":1,"minecraft:shield":1,"minecraft:cornflower":1,"minecraft:moss_carpet":10,"minecraft:flint_and_steel":2,"minecraft:beef":47,"minecraft:iron_nugget":4,"minecraft:poppy":3,"minecraft:chest":31,"minecraft:lectern":2,"minecraft:sugar_cane":68,"minecraft:spruce_trapdoor":1,"minecraft:egg":13,"minecraft:raw_iron":187,"minecraft:spruce_fence":3,"minecraft:fire_charge":2,"minecraft:redstone":209,"minecraft:iron_horse_armor":3,"minecraft:dark_oak_planks":5,"minecraft:arrow":11,"minecraft:hay_block":26,"minecraft:saddle":3,"minecraft:gold_ingot":55,"minecraft:mutton":5,"minecraft:white_wool":3,"minecraft:glow_ink_sac":9,"minecraft:leather":29,"minecraft:red_mushroom":10,"minecraft:oak_log":65,"minecraft:lily_pad":2,"minecraft:golden_boots":3,"minecraft:cooked_mutton":16,"minecraft:apple":49,"minecraft:iron_ingot":71,"minecraft:cooked_chicken":10,"minecraft:tall_grass":2,"minecraft:mangrove_planks":93,"minecraft:acacia_sapling":4,"minecraft:iron_sword":1,"minecraft:book":26,"minecraft:smooth_basalt":3,"minecraft:dandelion":1,"minecraft:dripstone_block":26,"minecraft:gravel":7,"minecraft:lava_bucket":3,"minecraft:amethyst_shard":168,"minecraft:spruce_sapling":5,"minecraft:white_bed":2,"minecraft:spruce_log":20,"minecraft:spider_eye":5,"minecraft:pumpkin_seeds":3,"minecraft:stone_axe":1,"minecraft:short_grass":1,"minecraft:iron_helmet":1,"minecraft:melon_seeds":12,"minecraft:coal":881,"minecraft:mangrove_propagule":7},"minecraft:mined":{"minecraft:dark_oak_planks":5,"minecraft:large_amethyst_bud":1,"minecraft:spruce_planks":28,"minecraft:white_bed":2,"minecraft:brewing_stand":1,"minecraft:spruce_trapdoor":1,"minecraft:granite":4,"minecraft:budding_amethyst":1,"minecraft:acacia_log":23,"minecraft:grass_block":308,"minecraft:tuff_bricks":5,"minecraft:iron_ore":103,"minecraft:cobbled_deepslate":6,"minecraft:polished_tuff":1,"minecraft:moss_carpet":3,"minecraft:deepslate_lapis_ore":13,"minecraft:pointed_dripstone":61,"minecraft:dirt_path":1,"minecraft:oak_stairs":1,"minecraft:orange_bed":4,"minecraft:deepslate_redstone_ore":21,"minecraft:smoker":1,"minecraft:medium_amethyst_bud":1,"minecraft:amethyst_cluster":22,"minecraft:powder_snow":5,"minecraft:torch":25,"minecraft:calcite":8,"minecraft:chest":23,"minecraft:mushroom_stem":1,"minecraft:cobblestone":70,"minecraft:grindstone":2,"minecraft:sugar_cane":20,"minecraft:oak_planks":19,"minecraft:wall_torch":24,"minecraft:amethyst_block":4,"minecraft:deepslate_copper_ore":1,"minecraft:pink_petals":7,"minecraft:birch_log":6,"minecraft:oak_log":63,"minecraft:dirt":94,"minecraft:mangrove_log":55,"minecraft:smooth_basalt":3,"minecraft:red_mushroom_block":10,"minecraft:oak_leaves":50,"minecraft:deepslate":450,"minecraft:deepslate_diamond_ore":6,"minecraft:dark_oak_log":2,"minecraft:mangrove_roots":105,"minecraft:spruce_fence":3,"minecraft:spruce_leaves":62,"minecraft:mangrove_propagule":5,"minecraft:hay_block":27,"minecraft:furnace":19,"minecraft:andesite":19,"minecraft:gold_block":1,"minecraft:polished_deepslate":24,"minecraft:bookshelf":4,"minecraft:deepslate_iron_ore":89,"minecraft:vine":16,"minecraft:stone":559,"minecraft:smithing_table":1,"minecraft:acacia_leaves":48,"minecraft:crafting_table":24,"minecraft:short_grass":36,"minecraft:emerald_ore":8,"minecraft:lectern":1,"minecraft:tall_grass":10,"minecraft:copper_ore":4,"minecraft:deepslate_coal_ore":2,"minecraft:lapis_ore":8,"minecraft:deepslate_gold_ore":15,"minecraft:lily_pad":1,"minecraft:diorite":36,"minecraft:spruce_stairs":1,"minecraft:spruce_log":20,"minecraft:birch_leaves":2,"minecraft:mangrove_planks":93,"minecraft:mangrove_leaves":201,"minecraft:coal_ore":445,"minecraft:cherry_leaves":3,"minecraft:gravel":1,"minecraft:dripstone_block":41,"minecraft:acacia_planks":11,"minecraft:gold_ore":5}},"DataVersion":3955}