{"stats":{"minecraft:mined":{"minecraft:dark_oak_planks":5,"minecraft:spruce_planks":4,"minecraft:white_bed":1,"minecraft:dark_oak_log":2,"minecraft:brewing_stand":1,"minecraft:granite":1,"minecraft:grass_block":12,"minecraft:hay_block":21,"minecraft:furnace":4,"minecraft:iron_ore":36,"minecraft:andesite":8,"minecraft:gold_block":1,"minecraft:stone":277,"minecraft:orange_bed":4,"minecraft:acacia_leaves":1,"minecraft:smoker":1,"minecraft:powder_snow":5,"minecraft:crafting_table":13,"minecraft:torch":2,"minecraft:short_grass":14,"minecraft:emerald_ore":3,"minecraft:chest":9,"minecraft:copper_ore":2,"minecraft:cobblestone":46,"minecraft:oak_planks":5,"minecraft:diorite":21,"minecraft:pink_petals":7,"minecraft:spruce_stairs":1,"minecraft:birch_log":6,"minecraft:birch_leaves":2,"minecraft:oak_log":51,"minecraft:coal_ore":219,"minecraft:cherry_leaves":3,"minecraft:gravel":1,"minecraft:dirt":11,"minecraft:acacia_planks":2,"minecraft:oak_leaves":30},"minecraft:broken":{"minecraft:stone_pickaxe":2},"minecraft:custom":{"minecraft:mob_kills":15,"minecraft:interact_with_crafting_table":41,"minecraft:leave_game":1,"minecraft:time_since_death":3577,"minecraft:climb_one_cm":619,"minecraft:sprint_one_cm":170031,"minecraft:walk_one_cm":361582,"minecraft:damage_blocked_by_shield":1540,"minecraft:drop":11,"minecraft:play_time":159385,"minecraft:deaths":4,"minecraft:sneak_time":24258,"minecraft:walk_under_water_one_cm":19991,"minecraft:boat_one_cm":94790,"minecraft:jump":3090,"minecraft:walk_on_water_one_cm":31766,"minecraft:total_world_time":159385,"minecraft:interact_with_furnace":27,"minecraft:sleep_in_bed":6,"minecraft:time_since_rest":3676,"minecraft:damage_taken":2529,"minecraft:damage_dealt":3080,"minecraft:swim_one_cm":11988,"minecraft:fly_one_cm":412962,"minecraft:open_chest":21,"minecraft:crouch_one_cm":61454,"minecraft:fall_one_cm":75395},"minecraft:used":{"minecraft:flint_and_steel":4,"minecraft:chest":6,"minecraft:shield":48,"minecraft:iron_sword":26,"minecraft:cooked_chicken":10,"minecraft:orange_bed":3,"minecraft:torch":96,"minecraft:dirt":47,"minecraft:carrot":3,"minecraft:dark_oak_planks":8,"minecraft:iron_axe":11,"minecraft:golden_sword":5,"minecraft:dark_oak_boat":1,"minecraft:furnace":4,"minecraft:cooked_mutton":4,"minecraft:diorite":2,"minecraft:birch_planks":12,"minecraft:stone_pickaxe":320,"minecraft:oak_planks":46,"minecraft:wooden_pickaxe":17,"minecraft:crafting_table":15,"minecraft:white_bed":1,"minecraft:bread":15,"minecraft:iron_pickaxe":294,"minecraft:stone_axe":136,"minecraft:cobblestone":144,"minecraft:cooked_porkchop":1,"minecraft:oak_boat":1},"minecraft:dropped":{"minecraft:iron_ingot":1,"minecraft:short_grass":1,"minecraft:wheat_seeds":35,"minecraft:tall_grass":2,"minecraft:rotten_flesh":2,"minecraft:poppy":2,"minecraft:acacia_sapling":4,"minecraft:barrel":1,"minecraft:egg":1},"minecraft:picked_up":{"minecraft:iron_chestplate":1,"minecraft:crafting_table":14,"minecraft:gold_block":1,"minecraft:brewing_stand":1,"minecraft:golden_sword":2,"minecraft:shield":1,"minecraft:string":4,"minecraft:raw_copper":5,"minecraft:flint_and_steel":2,"minecraft:gold_nugget":17,"minecraft:spruce_planks":6,"minecraft:beef":10,"minecraft:poppy":2,"minecraft:iron_pickaxe":1,"minecraft:chest":9,"minecraft:egg":1,"minecraft:furnace":5,"minecraft:golden_helmet":1,"minecraft:stick":5,"minecraft:raw_iron":34,"minecraft:torch":19,"minecraft:spruce_stairs":1,"minecraft:fire_charge":1,"minecraft:diorite":23,"minecraft:dark_oak_planks":5,"minecraft:orange_bed":4,"minecraft:arrow":2,"minecraft:rotten_flesh":11,"minecraft:hay_block":21,"minecraft:cobblestone":322,"minecraft:birch_log":6,"minecraft:pink_petals":36,"minecraft:leather_chestplate":1,"minecraft:andesite":7,"minecraft:leather":5,"minecraft:golden_leggings":2,"minecraft:smoker":1,"minecraft:oak_log":54,"minecraft:golden_boots":2,"minecraft:dirt":54,"minecraft:cooked_mutton":12,"minecraft:bone":1,"minecraft:acacia_planks":4,"minecraft:apple":1,"minecraft:wheat_seeds":34,"minecraft:cooked_chicken":10,"minecraft:iron_ingot":4,"minecraft:tall_grass":2,"minecraft:acacia_sapling":2,"minecraft:oak_planks":30,"minecraft:iron_sword":1,"minecraft:cooked_porkchop":1,"minecraft:gravel":6,"minecraft:white_bed":1,"minecraft:barrel":1,"minecraft:dark_oak_log":2,"minecraft:spider_eye":3,"minecraft:stone_axe":1,"minecraft:short_grass":1,"minecraft:iron_helmet":1,"minecraft:granite":1,"minecraft:emerald":4,"minecraft:bread":37,"minecraft:oak_sapling":6,"minecraft:coal":457},"minecraft:crafted":{"minecraft:oak_planks":172,"minecraft:dark_oak_boat":1,"minecraft:furnace":2,"minecraft:iron_axe":1,"minecraft:stone_pickaxe":3,"minecraft:dark_oak_planks":8,"minecraft:wheat":189,"minecraft:crafting_table":4,"minecraft:wooden_pickaxe":2,"minecraft:iron_helmet":1,"minecraft:iron_sword":1,"minecraft:birch_planks":24,"minecraft:stone_axe":2,"minecraft:bread":63,"minecraft:air":0,"minecraft:oak_boat":1,"minecraft:iron_chestplate":2,"minecraft:shield":2,"minecraft:stick":56,"minecraft:iron_ingot":32,"minecraft:iron_pickaxe":2,"minecraft:torch":128},"minecraft:killed_by":{"minecraft:skeleton":1,"minecraft:zombie":3},"minecraft:killed":{"minecraft:armadillo":1,"minecraft:spider":3,"minecraft:creeper":1,"minecraft:zombie":4,"minecraft:cow":5}},"DataVersion":3955}