{"stats":{"minecraft:mined":{"minecraft:dark_oak_planks":5,"minecraft:spruce_planks":8,"minecraft:white_bed":1,"minecraft:deepslate_diamond_ore":1,"minecraft:dark_oak_log":2,"minecraft:brewing_stand":1,"minecraft:spruce_trapdoor":1,"minecraft:granite":1,"minecraft:acacia_log":23,"minecraft:grass_block":153,"minecraft:spruce_leaves":54,"minecraft:tuff_bricks":5,"minecraft:hay_block":27,"minecraft:furnace":13,"minecraft:cobbled_deepslate":2,"minecraft:iron_ore":90,"minecraft:polished_tuff":1,"minecraft:andesite":15,"minecraft:deepslate_lapis_ore":4,"minecraft:gold_block":1,"minecraft:bookshelf":4,"minecraft:pointed_dripstone":59,"minecraft:deepslate_iron_ore":25,"minecraft:dirt_path":1,"minecraft:oak_stairs":1,"minecraft:stone":494,"minecraft:orange_bed":4,"minecraft:smithing_table":1,"minecraft:deepslate_redstone_ore":13,"minecraft:acacia_leaves":48,"minecraft:smoker":1,"minecraft:powder_snow":5,"minecraft:crafting_table":22,"minecraft:torch":5,"minecraft:short_grass":27,"minecraft:emerald_ore":8,"minecraft:chest":21,"minecraft:lectern":1,"minecraft:mushroom_stem":1,"minecraft:tall_grass":5,"minecraft:copper_ore":4,"minecraft:cobblestone":51,"minecraft:deepslate_coal_ore":2,"minecraft:deepslate_gold_ore":9,"minecraft:lapis_ore":8,"minecraft:grindstone":2,"minecraft:sugar_cane":10,"minecraft:oak_planks":19,"minecraft:wall_torch":11,"minecraft:diorite":28,"minecraft:deepslate_copper_ore":1,"minecraft:pink_petals":7,"minecraft:spruce_stairs":1,"minecraft:birch_log":6,"minecraft:spruce_log":13,"minecraft:birch_leaves":2,"minecraft:oak_log":63,"minecraft:coal_ore":383,"minecraft:dripstone_block":35,"minecraft:cherry_leaves":3,"minecraft:gravel":1,"minecraft:dirt":55,"minecraft:acacia_planks":11,"minecraft:red_mushroom_block":10,"minecraft:gold_ore":1,"minecraft:oak_leaves":44,"minecraft:deepslate":107},"minecraft:broken":{"minecraft:stone_pickaxe":2,"minecraft:iron_pickaxe":2},"minecraft:custom":{"minecraft:mob_kills":41,"minecraft:interact_with_crafting_table":69,"minecraft:leave_game":4,"minecraft:time_since_death":237496,"minecraft:climb_one_cm":2063,"minecraft:sprint_one_cm":293869,"minecraft:walk_one_cm":723839,"minecraft:damage_blocked_by_shield":2087,"minecraft:drop":34,"minecraft:talked_to_villager":5,"minecraft:play_time":393304,"minecraft:deaths":4,"minecraft:sneak_time":76991,"minecraft:walk_under_water_one_cm":47696,"minecraft:boat_one_cm":204356,"minecraft:jump":5293,"minecraft:walk_on_water_one_cm":69014,"minecraft:total_world_time":393304,"minecraft:interact_with_furnace":77,"minecraft:sleep_in_bed":14,"minecraft:time_since_rest":58326,"minecraft:damage_taken":3402,"minecraft:damage_dealt":6417,"minecraft:swim_one_cm":17132,"minecraft:fly_one_cm":654356,"minecraft:open_chest":59,"minecraft:crouch_one_cm":223319,"minecraft:fall_one_cm":133412,"minecraft:horse_one_cm":586279},"minecraft:used":{"minecraft:iron_shovel":166,"minecraft:flint_and_steel":4,"minecraft:chest":10,"minecraft:spruce_planks":24,"minecraft:shield":65,"minecraft:iron_sword":59,"minecraft:cooked_chicken":10,"minecraft:orange_bed":3,"minecraft:torch":368,"minecraft:dirt":222,"minecraft:carrot":3,"minecraft:dark_oak_planks":8,"minecraft:wooden_axe":45,"minecraft:iron_axe":87,"minecraft:golden_sword":5,"minecraft:dark_oak_boat":1,"minecraft:furnace":14,"minecraft:cooked_beef":5,"minecraft:cobbled_deepslate":81,"minecraft:acacia_planks":74,"minecraft:pointed_dripstone":7,"minecraft:water_bucket":3,"minecraft:cooked_mutton":6,"minecraft:diorite":2,"minecraft:acacia_boat":4,"minecraft:birch_planks":12,"minecraft:stone_pickaxe":339,"minecraft:oak_planks":74,"minecraft:wooden_pickaxe":23,"minecraft:sugar_cane":5,"minecraft:crafting_table":27,"minecraft:dripstone_block":19,"minecraft:white_bed":2,"minecraft:bread":24,"minecraft:iron_pickaxe":1011,"minecraft:spruce_trapdoor":1,"minecraft:spruce_sapling":3,"minecraft:stone_axe":207,"minecraft:cobblestone":322,"minecraft:cooked_porkchop":3,"minecraft:andesite":5,"minecraft:bucket":4,"minecraft:oak_boat":1},"minecraft:dropped":{"minecraft:iron_ingot":1,"minecraft:short_grass":1,"minecraft:wheat_seeds":37,"minecraft:dripstone_block":3,"minecraft:feather":1,"minecraft:red_mushroom":10,"minecraft:stick":1,"minecraft:torch":1,"minecraft:cornflower":1,"minecraft:wooden_axe":1,"minecraft:dandelion":1,"minecraft:stone_axe":1,"minecraft:cobbled_deepslate":2,"minecraft:tall_grass":2,"minecraft:rotten_flesh":2,"minecraft:cooked_mutton":1,"minecraft:pumpkin_seeds":3,"minecraft:poppy":3,"minecraft:spruce_trapdoor":2,"minecraft:spruce_pressure_plate":2,"minecraft:acacia_sapling":6,"minecraft:barrel":1,"minecraft:wooden_pickaxe":1,"minecraft:stone_pickaxe":1,"minecraft:egg":1},"minecraft:picked_up":{"minecraft:crafting_table":23,"minecraft:iron_chestplate":1,"minecraft:wheat":2,"minecraft:smithing_table":1,"minecraft:oak_stairs":1,"minecraft:gold_block":1,"minecraft:brewing_stand":1,"minecraft:shield":1,"minecraft:golden_sword":2,"minecraft:cornflower":1,"minecraft:string":20,"minecraft:raw_copper":14,"minecraft:flint_and_steel":2,"minecraft:iron_leggings":2,"minecraft:gold_nugget":19,"minecraft:cobbled_deepslate":103,"minecraft:spruce_planks":10,"minecraft:beef":31,"minecraft:poppy":3,"minecraft:iron_pickaxe":1,"minecraft:lectern":1,"minecraft:sugar_cane":19,"minecraft:chest":21,"minecraft:spruce_trapdoor":1,"minecraft:furnace":14,"minecraft:egg":1,"minecraft:spruce_pressure_plate":1,"minecraft:golden_helmet":1,"minecraft:stick":9,"minecraft:raw_iron":111,"minecraft:torch":34,"minecraft:acacia_log":22,"minecraft:spruce_stairs":1,"minecraft:fire_charge":1,"minecraft:porkchop":2,"minecraft:pointed_dripstone":88,"minecraft:diorite":30,"minecraft:redstone":54,"minecraft:iron_horse_armor":2,"minecraft:dark_oak_planks":5,"minecraft:orange_bed":4,"minecraft:arrow":4,"minecraft:rotten_flesh":23,"minecraft:hay_block":26,"minecraft:saddle":2,"minecraft:gold_ingot":3,"minecraft:mutton":5,"minecraft:cobblestone":527,"minecraft:white_wool":3,"minecraft:birch_log":6,"minecraft:pink_petals":36,"minecraft:leather_chestplate":1,"minecraft:feather":1,"minecraft:cooked_beef":1,"minecraft:andesite":13,"minecraft:leather":14,"minecraft:golden_leggings":2,"minecraft:smoker":1,"minecraft:red_mushroom":10,"minecraft:potato":17,"minecraft:oak_log":65,"minecraft:golden_boots":2,"minecraft:acacia_boat":4,"minecraft:lapis_lazuli":65,"minecraft:dirt":229,"minecraft:cooked_mutton":13,"minecraft:bone":15,"minecraft:acacia_planks":69,"minecraft:apple":24,"minecraft:wheat_seeds":38,"minecraft:raw_gold":10,"minecraft:iron_ingot":11,"minecraft:cooked_chicken":10,"minecraft:tall_grass":2,"minecraft:acacia_sapling":4,"minecraft:iron_sword":1,"minecraft:oak_planks":43,"minecraft:book":13,"minecraft:cooked_porkchop":1,"minecraft:dandelion":1,"minecraft:dripstone_block":22,"minecraft:gravel":6,"minecraft:spruce_sapling":3,"minecraft:white_bed":1,"minecraft:spruce_log":13,"minecraft:dark_oak_log":2,"minecraft:spider_eye":3,"minecraft:barrel":1,"minecraft:pumpkin_seeds":3,"minecraft:diamond":1,"minecraft:stone_axe":1,"minecraft:short_grass":1,"minecraft:iron_helmet":1,"minecraft:granite":1,"minecraft:emerald":11,"minecraft:bread":68,"minecraft:oak_sapling":13,"minecraft:melon_seeds":4,"minecraft:coal":654},"minecraft:crafted":{"minecraft:oak_planks":216,"minecraft:dark_oak_boat":1,"minecraft:furnace":4,"minecraft:spruce_pressure_plate":1,"minecraft:cooked_mutton":5,"minecraft:iron_boots":1,"minecraft:iron_axe":2,"minecraft:stone_pickaxe":4,"minecraft:dark_oak_planks":8,"minecraft:wheat":189,"minecraft:cooked_beef":4,"minecraft:cooked_porkchop":2,"minecraft:crafting_table":8,"minecraft:spruce_planks":52,"minecraft:wooden_pickaxe":3,"minecraft:iron_helmet":2,"minecraft:iron_sword":1,"minecraft:bucket":1,"minecraft:birch_planks":24,"minecraft:stone_axe":3,"minecraft:bread":63,"minecraft:acacia_boat":1,"minecraft:air":0,"minecraft:oak_boat":1,"minecraft:spruce_trapdoor":2,"minecraft:iron_chestplate":3,"minecraft:shield":3,"minecraft:stick":136,"minecraft:iron_ingot":61,"minecraft:iron_pickaxe":5,"minecraft:wooden_axe":1,"minecraft:iron_shovel":1,"minecraft:white_bed":1,"minecraft:acacia_planks":88,"minecraft:torch":388},"minecraft:killed_by":{"minecraft:skeleton":1,"minecraft:zombie":3},"minecraft:killed":{"minecraft:armadillo":1,"minecraft:spider":6,"minecraft:skeleton":3,"minecraft:pig":2,"minecraft:creeper":1,"minecraft:sheep":3,"minecraft:zombie":6,"minecraft:cow":18}},"DataVersion":3955}