{"stats":{"minecraft:mined":{"minecraft:dark_oak_planks":5,"minecraft:large_amethyst_bud":1,"minecraft:spruce_planks":8,"minecraft:white_bed":1,"minecraft:deepslate_diamond_ore":6,"minecraft:dark_oak_log":2,"minecraft:brewing_stand":1,"minecraft:spruce_trapdoor":1,"minecraft:granite":1,"minecraft:budding_amethyst":1,"minecraft:acacia_log":23,"minecraft:grass_block":293,"minecraft:spruce_leaves":62,"minecraft:tuff_bricks":5,"minecraft:hay_block":27,"minecraft:furnace":14,"minecraft:iron_ore":103,"minecraft:cobbled_deepslate":3,"minecraft:polished_tuff":1,"minecraft:andesite":18,"minecraft:deepslate_lapis_ore":7,"minecraft:gold_block":1,"minecraft:bookshelf":4,"minecraft:pointed_dripstone":60,"minecraft:deepslate_iron_ore":73,"minecraft:dirt_path":1,"minecraft:oak_stairs":1,"minecraft:stone":535,"minecraft:orange_bed":4,"minecraft:smithing_table":1,"minecraft:deepslate_redstone_ore":21,"minecraft:acacia_leaves":48,"minecraft:medium_amethyst_bud":1,"minecraft:smoker":1,"minecraft:amethyst_cluster":22,"minecraft:powder_snow":5,"minecraft:crafting_table":23,"minecraft:torch":8,"minecraft:short_grass":29,"minecraft:emerald_ore":8,"minecraft:chest":21,"minecraft:lectern":1,"minecraft:mushroom_stem":1,"minecraft:copper_ore":4,"minecraft:tall_grass":5,"minecraft:cobblestone":56,"minecraft:deepslate_coal_ore":2,"minecraft:deepslate_gold_ore":10,"minecraft:lapis_ore":8,"minecraft:grindstone":2,"minecraft:oak_planks":19,"minecraft:sugar_cane":18,"minecraft:wall_torch":17,"minecraft:diorite":29,"minecraft:amethyst_block":4,"minecraft:deepslate_copper_ore":1,"minecraft:pink_petals":7,"minecraft:spruce_stairs":1,"minecraft:birch_log":6,"minecraft:spruce_log":20,"minecraft:birch_leaves":2,"minecraft:oak_log":63,"minecraft:coal_ore":406,"minecraft:gravel":1,"minecraft:cherry_leaves":3,"minecraft:dirt":79,"minecraft:dripstone_block":39,"minecraft:acacia_planks":11,"minecraft:red_mushroom_block":10,"minecraft:gold_ore":5,"minecraft:oak_leaves":44,"minecraft:deepslate":140},"minecraft:used":{"minecraft:iron_shovel":326,"minecraft:flint_and_steel":4,"minecraft:chest":10,"minecraft:spruce_planks":24,"minecraft:iron_sword":97,"minecraft:shield":76,"minecraft:cooked_chicken":10,"minecraft:orange_bed":3,"minecraft:torch":508,"minecraft:dirt":374,"minecraft:carrot":3,"minecraft:dark_oak_planks":8,"minecraft:wooden_axe":45,"minecraft:iron_axe":103,"minecraft:golden_sword":5,"minecraft:dark_oak_boat":1,"minecraft:furnace":15,"minecraft:cooked_beef":5,"minecraft:cobbled_deepslate":135,"minecraft:acacia_planks":74,"minecraft:pointed_dripstone":7,"minecraft:cooked_mutton":6,"minecraft:diorite":2,"minecraft:acacia_boat":4,"minecraft:water_bucket":7,"minecraft:amethyst_block":1,"minecraft:birch_planks":12,"minecraft:oak_planks":74,"minecraft:stone_pickaxe":339,"minecraft:wooden_pickaxe":23,"minecraft:sugar_cane":29,"minecraft:crafting_table":28,"minecraft:white_bed":2,"minecraft:dripstone_block":21,"minecraft:bread":35,"minecraft:iron_pickaxe":1234,"minecraft:spruce_trapdoor":1,"minecraft:spruce_sapling":5,"minecraft:stone_axe":207,"minecraft:cobblestone":369,"minecraft:cooked_porkchop":3,"minecraft:andesite":5,"minecraft:bucket":10,"minecraft:oak_boat":1},"minecraft:broken":{"minecraft:iron_shovel":1,"minecraft:stone_pickaxe":2,"minecraft:iron_pickaxe":3},"minecraft:custom":{"minecraft:mob_kills":49,"minecraft:interact_with_crafting_table":78,"minecraft:leave_game":5,"minecraft:time_since_death":323040,"minecraft:climb_one_cm":2063,"minecraft:sprint_one_cm":339992,"minecraft:walk_one_cm":1024845,"minecraft:damage_blocked_by_shield":2352,"minecraft:drop":34,"minecraft:talked_to_villager":5,"minecraft:play_time":478848,"minecraft:sneak_time":91909,"minecraft:deaths":4,"minecraft:walk_under_water_one_cm":73422,"minecraft:boat_one_cm":204356,"minecraft:jump":6261,"minecraft:walk_on_water_one_cm":94410,"minecraft:total_world_time":478848,"minecraft:interact_with_furnace":104,"minecraft:sleep_in_bed":16,"minecraft:time_since_rest":8144,"minecraft:damage_taken":3942,"minecraft:damage_dealt":8057,"minecraft:swim_one_cm":17132,"minecraft:fly_one_cm":711520,"minecraft:open_chest":72,"minecraft:crouch_one_cm":279543,"minecraft:fall_one_cm":159808,"minecraft:horse_one_cm":586279},"minecraft:picked_up":{"minecraft:iron_chestplate":1,"minecraft:crafting_table":24,"minecraft:wheat":2,"minecraft:smithing_table":1,"minecraft:oak_stairs":1,"minecraft:gold_block":1,"minecraft:brewing_stand":1,"minecraft:shield":1,"minecraft:golden_sword":2,"minecraft:amethyst_block":2,"minecraft:cornflower":1,"minecraft:string":20,"minecraft:raw_copper":14,"minecraft:flint_and_steel":2,"minecraft:iron_leggings":2,"minecraft:gold_nugget":19,"minecraft:cobbled_deepslate":141,"minecraft:spruce_planks":10,"minecraft:beef":31,"minecraft:poppy":3,"minecraft:iron_pickaxe":1,"minecraft:lectern":1,"minecraft:sugar_cane":36,"minecraft:chest":21,"minecraft:spruce_trapdoor":1,"minecraft:furnace":15,"minecraft:egg":1,"minecraft:golden_helmet":1,"minecraft:spruce_pressure_plate":1,"minecraft:stick":9,"minecraft:raw_iron":171,"minecraft:torch":42,"minecraft:acacia_log":22,"minecraft:spruce_stairs":1,"minecraft:fire_charge":1,"minecraft:porkchop":2,"minecraft:pointed_dripstone":90,"minecraft:diorite":31,"minecraft:redstone":91,"minecraft:iron_horse_armor":2,"minecraft:dark_oak_planks":5,"minecraft:orange_bed":4,"minecraft:arrow":9,"minecraft:rotten_flesh":25,"minecraft:hay_block":26,"minecraft:saddle":2,"minecraft:gold_ingot":3,"minecraft:mutton":5,"minecraft:white_wool":3,"minecraft:cobblestone":570,"minecraft:birch_log":6,"minecraft:pink_petals":36,"minecraft:leather_chestplate":1,"minecraft:feather":1,"minecraft:cooked_beef":1,"minecraft:glow_ink_sac":3,"minecraft:andesite":16,"minecraft:leather":14,"minecraft:golden_leggings":2,"minecraft:smoker":1,"minecraft:red_mushroom":10,"minecraft:potato":17,"minecraft:oak_log":65,"minecraft:golden_boots":2,"minecraft:acacia_boat":4,"minecraft:lapis_lazuli":82,"minecraft:dirt":388,"minecraft:cooked_mutton":13,"minecraft:bone":20,"minecraft:acacia_planks":69,"minecraft:apple":24,"minecraft:wheat_seeds":38,"minecraft:raw_gold":14,"minecraft:iron_ingot":11,"minecraft:cooked_chicken":10,"minecraft:tall_grass":2,"minecraft:iron_sword":1,"minecraft:oak_planks":43,"minecraft:acacia_sapling":4,"minecraft:book":13,"minecraft:cooked_porkchop":1,"minecraft:dandelion":1,"minecraft:dripstone_block":24,"minecraft:gravel":6,"minecraft:amethyst_shard":84,"minecraft:spruce_sapling":5,"minecraft:white_bed":1,"minecraft:spruce_log":20,"minecraft:dark_oak_log":2,"minecraft:spider_eye":3,"minecraft:barrel":1,"minecraft:pumpkin_seeds":3,"minecraft:diamond":6,"minecraft:stone_axe":1,"minecraft:short_grass":1,"minecraft:iron_helmet":1,"minecraft:granite":1,"minecraft:emerald":11,"minecraft:bread":68,"minecraft:oak_sapling":13,"minecraft:melon_seeds":4,"minecraft:coal":677},"minecraft:killed_by":{"minecraft:skeleton":1,"minecraft:zombie":3},"minecraft:killed":{"minecraft:armadillo":1,"minecraft:spider":6,"minecraft:skeleton":6,"minecraft:pig":2,"minecraft:creeper":4,"minecraft:sheep":3,"minecraft:zombie":8,"minecraft:cow":18},"minecraft:dropped":{"minecraft:iron_ingot":1,"minecraft:short_grass":1,"minecraft:wheat_seeds":37,"minecraft:dripstone_block":3,"minecraft:feather":1,"minecraft:red_mushroom":10,"minecraft:stick":1,"minecraft:torch":1,"minecraft:cornflower":1,"minecraft:wooden_axe":1,"minecraft:dandelion":1,"minecraft:stone_axe":1,"minecraft:cobbled_deepslate":2,"minecraft:tall_grass":2,"minecraft:rotten_flesh":2,"minecraft:cooked_mutton":1,"minecraft:pumpkin_seeds":3,"minecraft:poppy":3,"minecraft:spruce_trapdoor":2,"minecraft:spruce_pressure_plate":2,"minecraft:acacia_sapling":6,"minecraft:barrel":1,"minecraft:stone_pickaxe":1,"minecraft:wooden_pickaxe":1,"minecraft:egg":1},"minecraft:crafted":{"minecraft:oak_planks":216,"minecraft:dark_oak_boat":1,"minecraft:furnace":4,"minecraft:cooked_mutton":5,"minecraft:spruce_pressure_plate":1,"minecraft:bow":1,"minecraft:iron_boots":1,"minecraft:iron_axe":2,"minecraft:stone_pickaxe":4,"minecraft:dark_oak_planks":8,"minecraft:wheat":189,"minecraft:cooked_beef":4,"minecraft:cooked_porkchop":2,"minecraft:crafting_table":8,"minecraft:spruce_planks":80,"minecraft:wooden_pickaxe":3,"minecraft:iron_helmet":2,"minecraft:iron_sword":1,"minecraft:bucket":3,"minecraft:birch_planks":24,"minecraft:stone_axe":3,"minecraft:bread":63,"minecraft:acacia_boat":1,"minecraft:air":0,"minecraft:oak_boat":1,"minecraft:spruce_trapdoor":2,"minecraft:iron_chestplate":3,"minecraft:diamond_pickaxe":1,"minecraft:shield":3,"minecraft:stick":184,"minecraft:iron_ingot":172,"minecraft:iron_pickaxe":6,"minecraft:wooden_axe":1,"minecraft:iron_block":3,"minecraft:iron_shovel":2,"minecraft:gold_ingot":10,"minecraft:anvil":1,"minecraft:white_bed":1,"minecraft:acacia_planks":88,"minecraft:torch":532}},"DataVersion":3955}