{"stats":{"minecraft:mined":{"minecraft:dark_oak_planks":5,"minecraft:spruce_planks":4,"minecraft:white_bed":1,"minecraft:dark_oak_log":2,"minecraft:brewing_stand":1,"minecraft:granite":1,"minecraft:acacia_log":23,"minecraft:grass_block":12,"minecraft:hay_block":21,"minecraft:furnace":5,"minecraft:iron_ore":36,"minecraft:andesite":8,"minecraft:gold_block":1,"minecraft:stone":291,"minecraft:orange_bed":4,"minecraft:acacia_leaves":48,"minecraft:smoker":1,"minecraft:powder_snow":5,"minecraft:crafting_table":19,"minecraft:torch":2,"minecraft:short_grass":19,"minecraft:emerald_ore":3,"minecraft:chest":9,"minecraft:mushroom_stem":1,"minecraft:tall_grass":2,"minecraft:copper_ore":2,"minecraft:cobblestone":46,"minecraft:oak_planks":11,"minecraft:diorite":21,"minecraft:pink_petals":7,"minecraft:spruce_stairs":1,"minecraft:birch_log":6,"minecraft:birch_leaves":2,"minecraft:oak_log":56,"minecraft:coal_ore":219,"minecraft:cherry_leaves":3,"minecraft:gravel":1,"minecraft:dirt":11,"minecraft:acacia_planks":8,"minecraft:red_mushroom_block":10,"minecraft:oak_leaves":33},"minecraft:broken":{"minecraft:stone_pickaxe":2},"minecraft:custom":{"minecraft:mob_kills":24,"minecraft:interact_with_crafting_table":49,"minecraft:leave_game":1,"minecraft:time_since_death":27577,"minecraft:climb_one_cm":619,"minecraft:sprint_one_cm":192287,"minecraft:walk_one_cm":391520,"minecraft:damage_blocked_by_shield":1540,"minecraft:drop":11,"minecraft:play_time":183385,"minecraft:deaths":4,"minecraft:sneak_time":30104,"minecraft:walk_under_water_one_cm":20454,"minecraft:boat_one_cm":190668,"minecraft:jump":3444,"minecraft:walk_on_water_one_cm":36717,"minecraft:total_world_time":183385,"minecraft:interact_with_furnace":30,"minecraft:sleep_in_bed":6,"minecraft:time_since_rest":27676,"minecraft:damage_taken":2604,"minecraft:damage_dealt":4007,"minecraft:swim_one_cm":11988,"minecraft:fly_one_cm":485085,"minecraft:open_chest":21,"minecraft:crouch_one_cm":71936,"minecraft:fall_one_cm":83169},"minecraft:used":{"minecraft:flint_and_steel":4,"minecraft:chest":6,"minecraft:shield":48,"minecraft:iron_sword":26,"minecraft:cooked_chicken":10,"minecraft:orange_bed":3,"minecraft:torch":96,"minecraft:dirt":47,"minecraft:carrot":3,"minecraft:wooden_axe":45,"minecraft:dark_oak_planks":8,"minecraft:iron_axe":11,"minecraft:golden_sword":5,"minecraft:dark_oak_boat":1,"minecraft:furnace":5,"minecraft:cooked_beef":2,"minecraft:acacia_planks":18,"minecraft:cooked_mutton":4,"minecraft:acacia_boat":3,"minecraft:diorite":2,"minecraft:birch_planks":12,"minecraft:stone_pickaxe":330,"minecraft:oak_planks":49,"minecraft:wooden_pickaxe":23,"minecraft:crafting_table":21,"minecraft:white_bed":1,"minecraft:bread":15,"minecraft:iron_pickaxe":294,"minecraft:stone_axe":170,"minecraft:cobblestone":144,"minecraft:cooked_porkchop":1,"minecraft:oak_boat":1},"minecraft:dropped":{"minecraft:iron_ingot":1,"minecraft:short_grass":1,"minecraft:wheat_seeds":35,"minecraft:tall_grass":2,"minecraft:rotten_flesh":2,"minecraft:poppy":2,"minecraft:acacia_sapling":4,"minecraft:barrel":1,"minecraft:egg":1},"minecraft:picked_up":{"minecraft:iron_chestplate":1,"minecraft:crafting_table":20,"minecraft:gold_block":1,"minecraft:brewing_stand":1,"minecraft:golden_sword":2,"minecraft:shield":1,"minecraft:string":4,"minecraft:raw_copper":5,"minecraft:flint_and_steel":2,"minecraft:gold_nugget":17,"minecraft:spruce_planks":6,"minecraft:beef":15,"minecraft:poppy":2,"minecraft:iron_pickaxe":1,"minecraft:chest":9,"minecraft:egg":1,"minecraft:furnace":6,"minecraft:golden_helmet":1,"minecraft:stick":6,"minecraft:raw_iron":34,"minecraft:torch":19,"minecraft:acacia_log":22,"minecraft:spruce_stairs":1,"minecraft:fire_charge":1,"minecraft:porkchop":2,"minecraft:diorite":23,"minecraft:dark_oak_planks":5,"minecraft:orange_bed":4,"minecraft:arrow":2,"minecraft:rotten_flesh":14,"minecraft:hay_block":21,"minecraft:mutton":5,"minecraft:white_wool":3,"minecraft:cobblestone":336,"minecraft:birch_log":6,"minecraft:pink_petals":36,"minecraft:leather_chestplate":1,"minecraft:cooked_beef":1,"minecraft:andesite":7,"minecraft:leather":7,"minecraft:golden_leggings":2,"minecraft:red_mushroom":5,"minecraft:smoker":1,"minecraft:oak_log":58,"minecraft:golden_boots":2,"minecraft:acacia_boat":2,"minecraft:dirt":54,"minecraft:cooked_mutton":12,"minecraft:bone":1,"minecraft:acacia_planks":31,"minecraft:apple":1,"minecraft:wheat_seeds":35,"minecraft:cooked_chicken":10,"minecraft:iron_ingot":4,"minecraft:tall_grass":2,"minecraft:acacia_sapling":3,"minecraft:oak_planks":36,"minecraft:iron_sword":1,"minecraft:cooked_porkchop":1,"minecraft:gravel":6,"minecraft:white_bed":1,"minecraft:barrel":1,"minecraft:dark_oak_log":2,"minecraft:spider_eye":3,"minecraft:stone_axe":1,"minecraft:short_grass":1,"minecraft:iron_helmet":1,"minecraft:granite":1,"minecraft:emerald":4,"minecraft:bread":37,"minecraft:oak_sapling":6,"minecraft:coal":457},"minecraft:crafted":{"minecraft:oak_planks":188,"minecraft:dark_oak_boat":1,"minecraft:furnace":3,"minecraft:iron_axe":1,"minecraft:stone_pickaxe":4,"minecraft:dark_oak_planks":8,"minecraft:wheat":189,"minecraft:cooked_beef":4,"minecraft:crafting_table":5,"minecraft:wooden_pickaxe":3,"minecraft:iron_helmet":1,"minecraft:iron_sword":1,"minecraft:birch_planks":24,"minecraft:stone_axe":3,"minecraft:acacia_boat":1,"minecraft:bread":63,"minecraft:air":0,"minecraft:oak_boat":1,"minecraft:iron_chestplate":2,"minecraft:shield":2,"minecraft:stick":64,"minecraft:iron_ingot":32,"minecraft:iron_pickaxe":2,"minecraft:wooden_axe":1,"minecraft:white_bed":1,"minecraft:acacia_planks":64,"minecraft:torch":128},"minecraft:killed_by":{"minecraft:skeleton":1,"minecraft:zombie":3},"minecraft:killed":{"minecraft:armadillo":1,"minecraft:spider":3,"minecraft:pig":2,"minecraft:creeper":1,"minecraft:sheep":3,"minecraft:zombie":4,"minecraft:cow":9}},"DataVersion":3955}