{"stats":{"minecraft:mined":{"minecraft:spruce_planks":1,"minecraft:white_bed":17,"minecraft:jungle_leaves":1,"minecraft:brewing_stand":2,"minecraft:obsidian":17,"minecraft:potted_dead_bush":2,"minecraft:granite":26,"minecraft:acacia_log":83,"minecraft:grass_block":22,"minecraft:soul_soil":53,"minecraft:chiseled_tuff_bricks":8,"minecraft:composter":9,"minecraft:nether_wart":79,"minecraft:tuff_bricks":176,"minecraft:magma_block":3,"minecraft:iron_ore":91,"minecraft:barrel":13,"minecraft:fire":38,"minecraft:cobbled_deepslate":11,"minecraft:polished_tuff":8,"minecraft:pumpkin":1,"minecraft:deepslate_lapis_ore":8,"minecraft:pointed_dripstone":3,"minecraft:oak_stairs":3,"minecraft:polished_tuff_slab":3,"minecraft:orange_bed":6,"minecraft:deepslate_redstone_ore":4,"minecraft:brown_mushroom":4,"minecraft:blackstone":19,"minecraft:smoker":2,"minecraft:soul_fire":2,"minecraft:clay":3,"minecraft:torch":8,"minecraft:poppy":1,"minecraft:calcite":2,"minecraft:chest":54,"minecraft:cobblestone":122,"minecraft:nether_quartz_ore":14,"minecraft:oak_planks":53,"minecraft:sugar_cane":115,"minecraft:wall_torch":9,"minecraft:amethyst_block":4,"minecraft:white_terracotta":3,"minecraft:seagrass":7,"minecraft:waxed_copper_bulb":4,"minecraft:red_candle":4,"minecraft:bamboo_planks":1,"minecraft:birch_log":11,"minecraft:wheat":90,"minecraft:waxed_copper_block":26,"minecraft:oak_log":129,"minecraft:beetroots":5,"minecraft:waxed_oxidized_copper":5,"minecraft:oak_fence_gate":1,"minecraft:waxed_oxidized_copper_door":1,"minecraft:dirt":61,"minecraft:smooth_basalt":12,"minecraft:netherrack":791,"minecraft:deepslate":177,"minecraft:oak_leaves":34,"minecraft:nether_gold_ore":1,"minecraft:tuff":23,"minecraft:mossy_cobblestone":4,"minecraft:deepslate_diamond_ore":28,"minecraft:candle":2,"minecraft:waxed_oxidized_chiseled_copper":1,"minecraft:nether_bricks":28,"minecraft:ladder":1,"minecraft:decorated_pot":34,"minecraft:crimson_roots":1,"minecraft:moss_block":3,"minecraft:cartography_table":1,"minecraft:mangrove_propagule":1,"minecraft:hay_block":107,"minecraft:oak_trapdoor":5,"minecraft:waxed_oxidized_cut_copper":9,"minecraft:furnace":13,"minecraft:carrots":35,"minecraft:waxed_copper_grate":16,"minecraft:andesite":19,"minecraft:chiseled_tuff":2,"minecraft:bell":11,"minecraft:potatoes":38,"minecraft:deepslate_iron_ore":29,"minecraft:vine":9,"minecraft:bamboo":1,"minecraft:stone":427,"minecraft:smithing_table":1,"minecraft:oak_slab":1,"minecraft:acacia_leaves":4,"minecraft:soul_sand":130,"minecraft:basalt":316,"minecraft:dandelion":1,"minecraft:oak_fence":9,"minecraft:crafting_table":23,"minecraft:short_grass":391,"minecraft:tall_grass":113,"minecraft:red_glazed_terracotta":1,"minecraft:lapis_ore":9,"minecraft:deepslate_gold_ore":51,"minecraft:lily_pad":2,"minecraft:diorite":14,"minecraft:birch_planks":2,"minecraft:waxed_oxidized_copper_grate":2,"minecraft:birch_leaves":3,"minecraft:yellow_bed":24,"minecraft:coal_ore":160,"minecraft:flower_pot":3,"minecraft:acacia_door":1,"minecraft:gravel":39,"minecraft:cobweb":1,"minecraft:acacia_planks":7,"minecraft:gold_ore":13,"minecraft:fern":5},"minecraft:broken":{"minecraft:iron_leggings":1,"minecraft:stone_axe":2,"minecraft:wooden_axe":1,"minecraft:wooden_pickaxe":1,"minecraft:shield":3,"minecraft:iron_axe":2,"minecraft:iron_pickaxe":4,"minecraft:iron_helmet":1},"minecraft:custom":{"minecraft:animals_bred":3,"minecraft:interact_with_crafting_table":114,"minecraft:open_barrel":40,"minecraft:bell_ring":92,"minecraft:leave_game":45,"minecraft:time_since_death":44519,"minecraft:sprint_one_cm":3212439,"minecraft:damage_blocked_by_shield":11727,"minecraft:drop":390,"minecraft:talked_to_villager":46,"minecraft:play_time":961761,"minecraft:deaths":19,"minecraft:jump":21575,"minecraft:walk_on_water_one_cm":169956,"minecraft:interact_with_furnace":335,"minecraft:traded_with_villager":9,"minecraft:interact_with_cartography_table":1,"minecraft:sleep_in_bed":30,"minecraft:damage_dealt":91069,"minecraft:crouch_one_cm":308912,"minecraft:interact_with_smoker":29,"minecraft:inspect_dispenser":26,"minecraft:interact_with_smithing_table":1,"minecraft:interact_with_anvil":3,"minecraft:mob_kills":689,"minecraft:climb_one_cm":64239,"minecraft:walk_one_cm":1823292,"minecraft:sneak_time":76275,"minecraft:walk_under_water_one_cm":55820,"minecraft:boat_one_cm":57504,"minecraft:interact_with_blast_furnace":1,"minecraft:total_world_time":961761,"minecraft:interact_with_grindstone":1,"minecraft:time_since_rest":44544,"minecraft:damage_absorbed":51,"minecraft:damage_taken":29291,"minecraft:swim_one_cm":127195,"minecraft:fly_one_cm":4450596,"minecraft:open_chest":526,"minecraft:fall_one_cm":646272},"minecraft:used":{"minecraft:moss_block":1,"minecraft:tuff_bricks":143,"minecraft:chiseled_tuff":1,"minecraft:ladder":19,"minecraft:poppy":1,"minecraft:shield":206,"minecraft:chest":55,"minecraft:decorated_pot":12,"minecraft:white_terracotta":2,"minecraft:bell":9,"minecraft:rotten_flesh":75,"minecraft:iron_chestplate":15,"minecraft:mutton":1,"minecraft:carrot":46,"minecraft:waxed_copper_grate":2,"minecraft:tuff":19,"minecraft:obsidian":25,"minecraft:honey_bottle":8,"minecraft:waxed_oxidized_copper":3,"minecraft:lava_bucket":24,"minecraft:iron_helmet":5,"minecraft:magma_block":1,"minecraft:bow":57,"minecraft:hay_block":1,"minecraft:ominous_bottle":3,"minecraft:furnace":20,"minecraft:egg":4,"minecraft:potato":28,"minecraft:diorite":1,"minecraft:diamond_boots":2,"minecraft:oak_planks":114,"minecraft:stone_pickaxe":102,"minecraft:blackstone":1,"minecraft:ender_pearl":3,"minecraft:wooden_pickaxe":59,"minecraft:diamond_axe":283,"minecraft:composter":8,"minecraft:golden_apple":2,"minecraft:lingering_potion":2,"minecraft:polished_tuff":1,"minecraft:mace":6,"minecraft:bread":138,"minecraft:gravel":6,"minecraft:chiseled_tuff_bricks":3,"minecraft:diamond_sword":1135,"minecraft:oak_boat":16,"minecraft:waxed_copper_bulb":2,"minecraft:bone_meal":12,"minecraft:oak_fence":6,"minecraft:oak_trapdoor":5,"minecraft:stone_sword":36,"minecraft:flint_and_steel":5,"minecraft:spruce_planks":1,"minecraft:trial_key":8,"minecraft:cooked_chicken":15,"minecraft:netherrack":672,"minecraft:orange_bed":6,"minecraft:torch":308,"minecraft:dirt":87,"minecraft:anvil":1,"minecraft:diamond_helmet":5,"minecraft:golden_shovel":29,"minecraft:granite":18,"minecraft:oak_fence_gate":1,"minecraft:iron_hoe":96,"minecraft:wooden_axe":51,"minecraft:iron_axe":395,"minecraft:oak_stairs":3,"minecraft:iron_boots":3,"minecraft:barrel":1,"minecraft:smooth_basalt":5,"minecraft:diamond_chestplate":2,"minecraft:basalt":153,"minecraft:beef":2,"minecraft:soul_soil":24,"minecraft:cooked_beef":68,"minecraft:cobbled_deepslate":168,"minecraft:acacia_planks":9,"minecraft:pointed_dripstone":7,"minecraft:iron_leggings":9,"minecraft:wheat_seeds":72,"minecraft:cooked_mutton":76,"minecraft:acacia_boat":1,"minecraft:water_bucket":47,"minecraft:birch_planks":31,"minecraft:baked_potato":68,"minecraft:cartography_table":1,"minecraft:fletching_table":1,"minecraft:waxed_copper_block":8,"minecraft:mossy_cobblestone":4,"minecraft:crafting_table":32,"minecraft:oak_slab":1,"minecraft:white_bed":22,"minecraft:campfire":1,"minecraft:smoker":2,"minecraft:diamond_pickaxe":1511,"minecraft:apple":1,"minecraft:ominous_trial_key":4,"minecraft:wind_charge":96,"minecraft:iron_pickaxe":1136,"minecraft:stone_axe":248,"minecraft:cobblestone":298,"minecraft:potion":3,"minecraft:porkchop":3,"minecraft:cooked_porkchop":81,"minecraft:bucket":71,"minecraft:yellow_bed":22,"minecraft:diamond_leggings":1},"minecraft:dropped":{"minecraft:iron_sword":1,"minecraft:soul_sand":85,"minecraft:candle":4,"minecraft:brown_mushroom":7,"minecraft:diamond_axe":1,"minecraft:ominous_bottle":4,"minecraft:lapis_lazuli":78,"minecraft:cooked_beef":38,"minecraft:oak_log":41,"minecraft:baked_potato":32,"minecraft:glass_bottle":5,"minecraft:diamond":7,"minecraft:crafting_table":1,"minecraft:cooked_porkchop":61,"minecraft:decorated_pot":10,"minecraft:honeycomb":10,"minecraft:saddle":3,"minecraft:leather_helmet":1,"minecraft:music_disc_creator_music_box":1,"minecraft:emerald":29,"minecraft:flint":6,"minecraft:dirt":41,"minecraft:mace":1,"minecraft:mutton":16,"minecraft:scrape_pottery_sherd":5,"minecraft:bone_meal":1,"minecraft:sugar":2,"minecraft:acacia_door":1,"minecraft:white_wool":24,"minecraft:gold_ingot":2,"minecraft:bone":99,"minecraft:gravel":49,"minecraft:red_glazed_terracotta":7,"minecraft:stone_axe":5,"minecraft:blackstone":13,"minecraft:sugar_cane":150,"minecraft:cooked_chicken":10,"minecraft:golden_chestplate":5,"minecraft:chiseled_tuff_bricks":2,"minecraft:cobbled_deepslate":10,"minecraft:wheat":4,"minecraft:birch_sapling":1,"minecraft:obsidian":11,"minecraft:beetroot":5,"minecraft:rotten_flesh":117,"minecraft:oak_planks":11,"minecraft:cooked_mutton":49,"minecraft:golden_shovel":1,"minecraft:white_bed":1,"minecraft:honey_bottle":2,"minecraft:waxed_copper_block":22,"minecraft:carrot":47,"minecraft:poppy":1,"minecraft:tipped_arrow":22,"minecraft:red_candle":7,"minecraft:beetroot_seeds":15,"minecraft:melon_seeds":2,"minecraft:chainmail_boots":1,"minecraft:leather_boots":1,"minecraft:chest":20,"minecraft:acacia_sapling":1,"minecraft:leather_leggings":1,"minecraft:breeze_rod":31,"minecraft:basalt":135,"minecraft:arrow":62,"minecraft:chiseled_tuff":2,"minecraft:quartz":14,"minecraft:egg":5,"minecraft:enchanted_book":6,"minecraft:golden_boots":1,"minecraft:iron_ingot":82,"minecraft:bread":202,"minecraft:waxed_oxidized_copper_door":1,"minecraft:wheat_seeds":150,"minecraft:smithing_table":1,"minecraft:diamond_leggings":1,"minecraft:feather":14,"minecraft:cobblestone":10,"minecraft:waxed_copper_grate":11,"minecraft:apple":5,"minecraft:granite":21,"minecraft:ominous_trial_key":2,"minecraft:acacia_log":42,"minecraft:coal":27,"minecraft:golden_apple":9,"minecraft:stick":33,"minecraft:diorite":12,"minecraft:torch":47,"minecraft:wooden_axe":1,"minecraft:waxed_copper_bulb":4,"minecraft:waxed_oxidized_copper":4,"minecraft:map":2,"minecraft:diamond_helmet":2,"minecraft:fire_charge":6,"minecraft:potion":2,"minecraft:dead_bush":1,"minecraft:iron_leggings":3,"minecraft:pumpkin":1,"minecraft:iron_axe":3,"minecraft:string":9,"minecraft:lily_pad":12,"minecraft:bucket":3,"minecraft:acacia_planks":127,"minecraft:lapis_block":24,"minecraft:dandelion":3,"minecraft:bamboo_planks":6,"minecraft:smooth_basalt":7,"minecraft:furnace":4,"minecraft:tuff_bricks":10,"minecraft:flow_pottery_sherd":1,"minecraft:stone_sword":1,"minecraft:tuff":62,"minecraft:guster_banner_pattern":1,"minecraft:composter":1,"minecraft:chicken":7,"minecraft:light_gray_wool":1,"minecraft:iron_boots":2,"minecraft:flint_and_steel":2,"minecraft:potato":109,"minecraft:hay_block":30,"minecraft:shield":1,"minecraft:flower_pot":5,"minecraft:trial_key":7,"minecraft:diamond_chestplate":3,"minecraft:iron_chestplate":3,"minecraft:diamond_pickaxe":2,"minecraft:andesite":12,"minecraft:golden_leggings":2,"minecraft:oak_boat":3,"minecraft:oak_sapling":40,"minecraft:golden_sword":1,"minecraft:barrel":9,"minecraft:spider_eye":12,"minecraft:bamboo":8,"minecraft:diamond_boots":1,"minecraft:slime_ball":50,"minecraft:bow":3,"minecraft:stone_pickaxe":2,"minecraft:calcite":2,"minecraft:brick":51,"minecraft:waxed_oxidized_copper_grate":6},"minecraft:picked_up":{"minecraft:wooden_axe":1,"minecraft:iron_chestplate":29,"minecraft:wheat":88,"minecraft:chainmail_boots":1,"minecraft:flower_pot":26,"minecraft:smithing_table":3,"minecraft:diamond_sword":8,"minecraft:oak_stairs":3,"minecraft:enchanted_book":18,"minecraft:potion":11,"minecraft:golden_shovel":4,"minecraft:brewing_stand":2,"minecraft:golden_sword":1,"minecraft:lapis_block":48,"minecraft:string":74,"minecraft:soul_soil":24,"minecraft:iron_leggings":21,"minecraft:red_candle":53,"minecraft:beetroot":5,"minecraft:diamond_leggings":2,"minecraft:gold_nugget":6,"minecraft:cobbled_deepslate":220,"minecraft:bucket":15,"minecraft:spruce_planks":6,"minecraft:trial_key":33,"minecraft:waxed_oxidized_copper_door":7,"minecraft:calcite":2,"minecraft:iron_pickaxe":1,"minecraft:iron_boots":8,"minecraft:furnace":19,"minecraft:tipped_arrow":361,"minecraft:stick":948,"minecraft:composter":11,"minecraft:oak_fence":12,"minecraft:torch":305,"minecraft:acacia_log":143,"minecraft:porkchop":216,"minecraft:pointed_dripstone":7,"minecraft:waxed_copper_grate":38,"minecraft:diorite":14,"minecraft:golden_chestplate":5,"minecraft:orange_bed":7,"minecraft:stone_sword":3,"minecraft:honey_bottle":9,"minecraft:rotten_flesh":676,"minecraft:armadillo_scute":6,"minecraft:iron_block":1,"minecraft:white_terracotta":2,"minecraft:blaze_rod":6,"minecraft:obsidian":43,"minecraft:cobblestone":603,"minecraft:birch_log":22,"minecraft:magma_block":4,"minecraft:feather":20,"minecraft:cooked_beef":66,"minecraft:magma_cream":5,"minecraft:water_bucket":7,"minecraft:andesite":23,"minecraft:golden_leggings":2,"minecraft:potato":269,"minecraft:smoker":3,"minecraft:flint":9,"minecraft:tuff":118,"minecraft:acacia_boat":1,"minecraft:map":2,"minecraft:lapis_lazuli":171,"minecraft:dirt":148,"minecraft:leather_boots":1,"minecraft:bone":451,"minecraft:acacia_planks":204,"minecraft:bow":23,"minecraft:wheat_seeds":374,"minecraft:raw_gold":189,"minecraft:bell":12,"minecraft:guster_banner_pattern":6,"minecraft:diamond_helmet":10,"minecraft:bamboo":32,"minecraft:moss_block":4,"minecraft:honeycomb":20,"minecraft:oak_planks":329,"minecraft:scrape_pottery_sherd":32,"minecraft:cooked_porkchop":66,"minecraft:music_disc_13":2,"minecraft:dead_bush":5,"minecraft:barrel":32,"minecraft:mossy_cobblestone":4,"minecraft:iron_hoe":1,"minecraft:sugar":4,"minecraft:diamond":74,"minecraft:waxed_oxidized_copper_grate":27,"minecraft:breeze_rod":110,"minecraft:granite":39,"minecraft:bone_meal":37,"minecraft:golden_apple":2,"minecraft:bread":26,"minecraft:golden_horse_armor":1,"minecraft:emerald":164,"minecraft:music_disc_precipice":5,"minecraft:oak_sapling":87,"minecraft:netherrack":750,"minecraft:ominous_trial_key":14,"minecraft:diamond_pickaxe":15,"minecraft:crafting_table":42,"minecraft:ladder":1,"minecraft:ominous_bottle":19,"minecraft:chicken":30,"minecraft:nether_wart":204,"minecraft:leather_leggings":1,"minecraft:brown_mushroom":9,"minecraft:diamond_horse_armor":1,"minecraft:shield":14,"minecraft:brick":233,"minecraft:wind_charge":88,"minecraft:oak_trapdoor":5,"minecraft:acacia_door":1,"minecraft:flow_banner_pattern":9,"minecraft:iron_axe":6,"minecraft:flint_and_steel":9,"minecraft:iron_shovel":1,"minecraft:blackstone":32,"minecraft:cartography_table":1,"minecraft:candle":28,"minecraft:beef":94,"minecraft:oak_boat":37,"minecraft:chiseled_tuff":5,"minecraft:poppy":2,"minecraft:light_gray_wool":1,"minecraft:sugar_cane":483,"minecraft:chest":79,"minecraft:birch_sapling":2,"minecraft:waxed_oxidized_copper":9,"minecraft:egg":12,"minecraft:raw_iron":119,"minecraft:flow_pottery_sherd":7,"minecraft:mace":8,"minecraft:trident":4,"minecraft:carrot":118,"minecraft:redstone":87,"minecraft:music_disc_creator_music_box":7,"minecraft:iron_horse_armor":3,"minecraft:arrow":643,"minecraft:diamond_chestplate":6,"minecraft:beetroot_seeds":30,"minecraft:decorated_pot":63,"minecraft:nether_bricks":28,"minecraft:diamond_boots":4,"minecraft:hay_block":154,"minecraft:gold_ingot":18,"minecraft:saddle":18,"minecraft:flow_armor_trim_smithing_template":1,"minecraft:tuff_bricks":392,"minecraft:mutton":155,"minecraft:white_wool":167,"minecraft:basalt":446,"minecraft:golden_carrot":1,"minecraft:glow_ink_sac":6,"minecraft:leather":70,"minecraft:red_glazed_terracotta":9,"minecraft:birch_planks":1,"minecraft:waxed_copper_bulb":23,"minecraft:oak_log":286,"minecraft:waxed_copper_block":146,"minecraft:lily_pad":18,"minecraft:golden_boots":4,"minecraft:yellow_bed":24,"minecraft:gunpowder":47,"minecraft:paper":63,"minecraft:white_banner":1,"minecraft:cooked_mutton":122,"minecraft:apple":33,"minecraft:stone_pickaxe":5,"minecraft:iron_ingot":293,"minecraft:oak_fence_gate":1,"minecraft:polished_tuff_slab":1,"minecraft:cooked_chicken":10,"minecraft:glass_bottle":16,"minecraft:acacia_sapling":1,"minecraft:iron_sword":3,"minecraft:soul_sand":241,"minecraft:oak_slab":1,"minecraft:smooth_basalt":12,"minecraft:bamboo_planks":25,"minecraft:pumpkin":3,"minecraft:heavy_core":1,"minecraft:dandelion":3,"minecraft:quartz":14,"minecraft:gravel":84,"minecraft:lava_bucket":1,"minecraft:white_bed":21,"minecraft:spider_eye":23,"minecraft:polished_tuff":17,"minecraft:leather_helmet":1,"minecraft:pumpkin_seeds":7,"minecraft:slime_ball":241,"minecraft:stone_axe":24,"minecraft:iron_helmet":13,"minecraft:diamond_axe":14,"minecraft:baked_potato":273,"minecraft:melon_seeds":2,"minecraft:coal":247,"minecraft:mangrove_propagule":2,"minecraft:chiseled_tuff_bricks":9,"minecraft:ender_pearl":1},"minecraft:crafted":{"minecraft:oak_planks":372,"minecraft:cooked_chicken":20,"minecraft:cooked_mutton":75,"minecraft:mace":1,"minecraft:diamond_helmet":2,"minecraft:diamond_leggings":1,"minecraft:iron_boots":4,"minecraft:chest":13,"minecraft:emerald":8,"minecraft:cooked_porkchop":112,"minecraft:map":1,"minecraft:crafting_table":12,"minecraft:iron_helmet":4,"minecraft:wooden_pickaxe":1,"minecraft:baked_potato":88,"minecraft:fletching_table":1,"minecraft:birch_planks":44,"minecraft:campfire":1,"minecraft:iron_chestplate":4,"minecraft:paper":21,"minecraft:diamond_pickaxe":1,"minecraft:shield":5,"minecraft:stick":416,"minecraft:iron_ingot":114,"minecraft:iron_pickaxe":5,"minecraft:iron_block":3,"minecraft:stone_sword":1,"minecraft:gold_ingot":63,"minecraft:shears":1,"minecraft:wind_charge":28,"minecraft:furnace":9,"minecraft:bone_meal":30,"minecraft:oak_trapdoor":2,"minecraft:flint_and_steel":1,"minecraft:iron_axe":2,"minecraft:ladder":18,"minecraft:iron_hoe":2,"minecraft:stone_pickaxe":1,"minecraft:diamond_boots":1,"minecraft:wheat":930,"minecraft:cooked_beef":66,"minecraft:diamond_sword":2,"minecraft:golden_shovel":1,"minecraft:bucket":2,"minecraft:stone_axe":3,"minecraft:air":0,"minecraft:acacia_boat":1,"minecraft:bread":336,"minecraft:oak_boat":8,"minecraft:golden_apple":9,"minecraft:wooden_axe":2,"minecraft:iron_leggings":5,"minecraft:anvil":1,"minecraft:white_bed":4,"minecraft:torch":304,"minecraft:acacia_planks":320,"minecraft:diamond_chestplate":1,"minecraft:lapis_block":12},"minecraft:killed_by":{"minecraft:blaze":1,"minecraft:zombie":3,"minecraft:stray":11,"minecraft:skeleton":3},"minecraft:killed":{"minecraft:witch":1,"minecraft:spider":14,"minecraft:skeleton":42,"minecraft:chicken":21,"minecraft:magma_cube":34,"minecraft:piglin":7,"minecraft:pig":81,"minecraft:iron_golem":2,"minecraft:creeper":15,"minecraft:sheep":61,"minecraft:pillager":4,"minecraft:zombie":159,"minecraft:ghast":3,"minecraft:stray":47,"minecraft:blaze":13,"minecraft:cow":37,"minecraft:armadillo":1,"minecraft:slime":71,"minecraft:breeze":27,"minecraft:wither_skeleton":14,"minecraft:villager":4,"minecraft:enderman":2}},"DataVersion":3955}