{"stats":{"minecraft:crafted":{"minecraft:oak_planks":336,"minecraft:cooked_chicken":20,"minecraft:cooked_mutton":71,"minecraft:diamond_helmet":1,"minecraft:diamond_leggings":1,"minecraft:iron_boots":3,"minecraft:chest":9,"minecraft:emerald":8,"minecraft:cooked_porkchop":93,"minecraft:map":1,"minecraft:crafting_table":12,"minecraft:wooden_pickaxe":1,"minecraft:iron_helmet":3,"minecraft:fletching_table":1,"minecraft:birch_planks":44,"minecraft:campfire":1,"minecraft:iron_chestplate":3,"minecraft:paper":21,"minecraft:diamond_pickaxe":1,"minecraft:shield":5,"minecraft:stick":416,"minecraft:iron_ingot":114,"minecraft:iron_pickaxe":5,"minecraft:iron_block":3,"minecraft:stone_sword":1,"minecraft:gold_ingot":63,"minecraft:shears":1,"minecraft:furnace":9,"minecraft:bone_meal":30,"minecraft:oak_trapdoor":2,"minecraft:flint_and_steel":1,"minecraft:iron_axe":2,"minecraft:ladder":18,"minecraft:iron_hoe":2,"minecraft:stone_pickaxe":1,"minecraft:diamond_boots":1,"minecraft:wheat":930,"minecraft:cooked_beef":61,"minecraft:diamond_sword":1,"minecraft:golden_shovel":1,"minecraft:bucket":2,"minecraft:stone_axe":3,"minecraft:acacia_boat":1,"minecraft:air":0,"minecraft:bread":303,"minecraft:oak_boat":8,"minecraft:golden_apple":9,"minecraft:wooden_axe":2,"minecraft:iron_leggings":4,"minecraft:anvil":1,"minecraft:white_bed":4,"minecraft:torch":304,"minecraft:acacia_planks":320,"minecraft:diamond_chestplate":1,"minecraft:lapis_block":12},"minecraft:used":{"minecraft:moss_block":1,"minecraft:tuff_bricks":104,"minecraft:ladder":19,"minecraft:poppy":1,"minecraft:chest":49,"minecraft:white_terracotta":2,"minecraft:decorated_pot":9,"minecraft:shield":142,"minecraft:bell":9,"minecraft:rotten_flesh":4,"minecraft:iron_chestplate":5,"minecraft:carrot":42,"minecraft:waxed_copper_grate":2,"minecraft:tuff":19,"minecraft:obsidian":25,"minecraft:honey_bottle":4,"minecraft:waxed_oxidized_copper":2,"minecraft:lava_bucket":21,"minecraft:iron_helmet":2,"minecraft:magma_block":1,"minecraft:bow":24,"minecraft:hay_block":1,"minecraft:furnace":20,"minecraft:egg":4,"minecraft:potato":25,"minecraft:diorite":1,"minecraft:diamond_boots":2,"minecraft:oak_planks":30,"minecraft:stone_pickaxe":102,"minecraft:ender_pearl":3,"minecraft:wooden_pickaxe":59,"minecraft:diamond_axe":68,"minecraft:composter":8,"minecraft:golden_apple":2,"minecraft:lingering_potion":2,"minecraft:polished_tuff":1,"minecraft:bread":108,"minecraft:gravel":6,"minecraft:diamond_sword":954,"minecraft:oak_boat":15,"minecraft:waxed_copper_bulb":2,"minecraft:bone_meal":12,"minecraft:oak_fence":6,"minecraft:oak_trapdoor":5,"minecraft:stone_sword":36,"minecraft:flint_and_steel":5,"minecraft:trial_key":8,"minecraft:cooked_chicken":15,"minecraft:netherrack":562,"minecraft:orange_bed":6,"minecraft:torch":308,"minecraft:dirt":87,"minecraft:anvil":1,"minecraft:diamond_helmet":2,"minecraft:golden_shovel":29,"minecraft:granite":18,"minecraft:oak_fence_gate":1,"minecraft:iron_hoe":96,"minecraft:wooden_axe":51,"minecraft:iron_axe":395,"minecraft:oak_stairs":3,"minecraft:iron_boots":2,"minecraft:smooth_basalt":5,"minecraft:barrel":1,"minecraft:diamond_chestplate":2,"minecraft:basalt":97,"minecraft:soul_soil":24,"minecraft:cooked_beef":61,"minecraft:cobbled_deepslate":166,"minecraft:acacia_planks":9,"minecraft:iron_leggings":2,"minecraft:cooked_mutton":72,"minecraft:acacia_boat":1,"minecraft:water_bucket":47,"minecraft:birch_planks":31,"minecraft:baked_potato":14,"minecraft:cartography_table":1,"minecraft:fletching_table":1,"minecraft:mossy_cobblestone":4,"minecraft:oak_slab":1,"minecraft:crafting_table":29,"minecraft:white_bed":21,"minecraft:campfire":1,"minecraft:smoker":2,"minecraft:diamond_pickaxe":1429,"minecraft:apple":1,"minecraft:wind_charge":16,"minecraft:iron_pickaxe":1023,"minecraft:stone_axe":248,"minecraft:potion":1,"minecraft:cobblestone":296,"minecraft:cooked_porkchop":59,"minecraft:bucket":68,"minecraft:yellow_bed":22,"minecraft:diamond_leggings":1},"minecraft:custom":{"minecraft:animals_bred":3,"minecraft:interact_with_crafting_table":106,"minecraft:open_barrel":40,"minecraft:bell_ring":92,"minecraft:leave_game":37,"minecraft:time_since_death":16531,"minecraft:sprint_one_cm":2535427,"minecraft:damage_blocked_by_shield":8112,"minecraft:drop":361,"minecraft:talked_to_villager":46,"minecraft:play_time":805576,"minecraft:deaths":4,"minecraft:jump":17730,"minecraft:walk_on_water_one_cm":161474,"minecraft:interact_with_furnace":302,"minecraft:traded_with_villager":9,"minecraft:interact_with_cartography_table":1,"minecraft:sleep_in_bed":27,"minecraft:damage_dealt":71520,"minecraft:crouch_one_cm":259118,"minecraft:interact_with_smoker":18,"minecraft:inspect_dispenser":24,"minecraft:interact_with_smithing_table":1,"minecraft:interact_with_anvil":3,"minecraft:mob_kills":554,"minecraft:climb_one_cm":52346,"minecraft:walk_one_cm":1485818,"minecraft:sneak_time":64089,"minecraft:walk_under_water_one_cm":49606,"minecraft:boat_one_cm":55963,"minecraft:interact_with_blast_furnace":1,"minecraft:total_world_time":805576,"minecraft:interact_with_grindstone":1,"minecraft:time_since_rest":16560,"minecraft:damage_absorbed":51,"minecraft:damage_taken":18696,"minecraft:swim_one_cm":116355,"minecraft:fly_one_cm":3717874,"minecraft:open_chest":390,"minecraft:fall_one_cm":514285},"minecraft:broken":{"minecraft:stone_axe":2,"minecraft:wooden_axe":1,"minecraft:wooden_pickaxe":1,"minecraft:shield":1,"minecraft:iron_axe":2,"minecraft:iron_pickaxe":4,"minecraft:iron_helmet":1},"minecraft:dropped":{"minecraft:iron_sword":1,"minecraft:soul_sand":85,"minecraft:candle":4,"minecraft:brown_mushroom":7,"minecraft:ominous_bottle":2,"minecraft:lapis_lazuli":78,"minecraft:cooked_beef":35,"minecraft:oak_log":41,"minecraft:glass_bottle":3,"minecraft:diamond":4,"minecraft:crafting_table":1,"minecraft:cooked_porkchop":51,"minecraft:decorated_pot":10,"minecraft:honeycomb":10,"minecraft:saddle":3,"minecraft:leather_helmet":1,"minecraft:music_disc_creator_music_box":1,"minecraft:flint":6,"minecraft:emerald":29,"minecraft:dirt":40,"minecraft:mutton":16,"minecraft:scrape_pottery_sherd":5,"minecraft:bone_meal":1,"minecraft:sugar":2,"minecraft:acacia_door":1,"minecraft:white_wool":24,"minecraft:gold_ingot":2,"minecraft:bone":99,"minecraft:gravel":49,"minecraft:red_glazed_terracotta":6,"minecraft:stone_axe":4,"minecraft:blackstone":13,"minecraft:sugar_cane":150,"minecraft:cooked_chicken":10,"minecraft:golden_chestplate":5,"minecraft:chiseled_tuff_bricks":2,"minecraft:cobbled_deepslate":10,"minecraft:wheat":4,"minecraft:birch_sapling":1,"minecraft:obsidian":11,"minecraft:beetroot":5,"minecraft:rotten_flesh":103,"minecraft:oak_planks":11,"minecraft:cooked_mutton":49,"minecraft:golden_shovel":1,"minecraft:honey_bottle":2,"minecraft:white_bed":1,"minecraft:waxed_copper_block":22,"minecraft:carrot":45,"minecraft:poppy":1,"minecraft:tipped_arrow":22,"minecraft:red_candle":7,"minecraft:beetroot_seeds":15,"minecraft:melon_seeds":2,"minecraft:leather_boots":1,"minecraft:chainmail_boots":1,"minecraft:chest":13,"minecraft:acacia_sapling":1,"minecraft:leather_leggings":1,"minecraft:breeze_rod":31,"minecraft:basalt":135,"minecraft:arrow":47,"minecraft:chiseled_tuff":2,"minecraft:quartz":14,"minecraft:egg":5,"minecraft:enchanted_book":5,"minecraft:golden_boots":1,"minecraft:iron_ingot":82,"minecraft:bread":202,"minecraft:waxed_oxidized_copper_door":1,"minecraft:wheat_seeds":132,"minecraft:smithing_table":1,"minecraft:diamond_leggings":1,"minecraft:cobblestone":10,"minecraft:feather":14,"minecraft:waxed_copper_grate":11,"minecraft:apple":5,"minecraft:granite":21,"minecraft:acacia_log":42,"minecraft:coal":27,"minecraft:golden_apple":9,"minecraft:stick":33,"minecraft:diorite":12,"minecraft:torch":47,"minecraft:wooden_axe":1,"minecraft:waxed_copper_bulb":4,"minecraft:waxed_oxidized_copper":4,"minecraft:map":2,"minecraft:diamond_helmet":2,"minecraft:fire_charge":6,"minecraft:potion":1,"minecraft:dead_bush":1,"minecraft:iron_leggings":3,"minecraft:pumpkin":1,"minecraft:iron_axe":2,"minecraft:string":9,"minecraft:lily_pad":12,"minecraft:bucket":3,"minecraft:acacia_planks":127,"minecraft:lapis_block":24,"minecraft:dandelion":3,"minecraft:bamboo_planks":6,"minecraft:smooth_basalt":7,"minecraft:furnace":4,"minecraft:tuff_bricks":10,"minecraft:flow_pottery_sherd":1,"minecraft:stone_sword":1,"minecraft:tuff":62,"minecraft:guster_banner_pattern":1,"minecraft:composter":1,"minecraft:chicken":7,"minecraft:light_gray_wool":1,"minecraft:iron_boots":2,"minecraft:flint_and_steel":2,"minecraft:potato":109,"minecraft:hay_block":30,"minecraft:shield":1,"minecraft:flower_pot":5,"minecraft:trial_key":7,"minecraft:diamond_chestplate":3,"minecraft:iron_chestplate":3,"minecraft:diamond_pickaxe":1,"minecraft:andesite":12,"minecraft:golden_leggings":2,"minecraft:oak_boat":3,"minecraft:oak_sapling":39,"minecraft:golden_sword":1,"minecraft:spider_eye":12,"minecraft:barrel":9,"minecraft:bamboo":8,"minecraft:diamond_boots":1,"minecraft:slime_ball":50,"minecraft:bow":3,"minecraft:stone_pickaxe":2,"minecraft:calcite":2,"minecraft:waxed_oxidized_copper_grate":6,"minecraft:brick":51},"minecraft:killed_by":{"minecraft:blaze":1,"minecraft:skeleton":3},"minecraft:killed":{"minecraft:witch":1,"minecraft:spider":14,"minecraft:skeleton":40,"minecraft:chicken":21,"minecraft:magma_cube":29,"minecraft:piglin":6,"minecraft:pig":54,"minecraft:iron_golem":2,"minecraft:creeper":14,"minecraft:sheep":56,"minecraft:zombie":122,"minecraft:ghast":1,"minecraft:stray":35,"minecraft:blaze":13,"minecraft:cow":31,"minecraft:armadillo":1,"minecraft:slime":61,"minecraft:breeze":12,"minecraft:wither_skeleton":14,"minecraft:villager":3,"minecraft:enderman":1},"minecraft:picked_up":{"minecraft:wooden_axe":1,"minecraft:iron_chestplate":10,"minecraft:wheat":39,"minecraft:chainmail_boots":1,"minecraft:flower_pot":21,"minecraft:smithing_table":3,"minecraft:diamond_sword":1,"minecraft:oak_stairs":3,"minecraft:enchanted_book":16,"minecraft:potion":10,"minecraft:golden_shovel":3,"minecraft:brewing_stand":2,"minecraft:golden_sword":1,"minecraft:lapis_block":48,"minecraft:string":74,"minecraft:soul_soil":24,"minecraft:iron_leggings":3,"minecraft:red_candle":42,"minecraft:beetroot":5,"minecraft:diamond_leggings":2,"minecraft:gold_nugget":6,"minecraft:cobbled_deepslate":216,"minecraft:bucket":12,"minecraft:trial_key":21,"minecraft:waxed_oxidized_copper_door":6,"minecraft:calcite":2,"minecraft:iron_boots":6,"minecraft:furnace":19,"minecraft:tipped_arrow":126,"minecraft:stick":160,"minecraft:composter":11,"minecraft:oak_fence":12,"minecraft:torch":70,"minecraft:acacia_log":143,"minecraft:porkchop":159,"minecraft:waxed_copper_grate":38,"minecraft:diorite":14,"minecraft:golden_chestplate":5,"minecraft:orange_bed":7,"minecraft:stone_sword":3,"minecraft:honey_bottle":9,"minecraft:rotten_flesh":546,"minecraft:armadillo_scute":6,"minecraft:white_terracotta":2,"minecraft:blaze_rod":6,"minecraft:obsidian":43,"minecraft:cobblestone":599,"minecraft:birch_log":22,"minecraft:magma_block":4,"minecraft:feather":20,"minecraft:cooked_beef":51,"minecraft:magma_cream":4,"minecraft:water_bucket":7,"minecraft:andesite":23,"minecraft:golden_leggings":2,"minecraft:smoker":3,"minecraft:potato":268,"minecraft:flint":9,"minecraft:tuff":118,"minecraft:acacia_boat":1,"minecraft:map":2,"minecraft:lapis_lazuli":171,"minecraft:dirt":146,"minecraft:leather_boots":1,"minecraft:bone":310,"minecraft:acacia_planks":204,"minecraft:bow":8,"minecraft:wheat_seeds":209,"minecraft:raw_gold":189,"minecraft:bell":12,"minecraft:guster_banner_pattern":6,"minecraft:diamond_helmet":5,"minecraft:bamboo":32,"minecraft:moss_block":3,"minecraft:honeycomb":20,"minecraft:oak_planks":137,"minecraft:scrape_pottery_sherd":27,"minecraft:cooked_porkchop":18,"minecraft:music_disc_13":2,"minecraft:dead_bush":4,"minecraft:barrel":32,"minecraft:mossy_cobblestone":4,"minecraft:sugar":4,"minecraft:diamond":40,"minecraft:waxed_oxidized_copper_grate":24,"minecraft:granite":39,"minecraft:breeze_rod":76,"minecraft:bone_meal":37,"minecraft:golden_apple":2,"minecraft:emerald":108,"minecraft:golden_horse_armor":1,"minecraft:bread":17,"minecraft:music_disc_precipice":5,"minecraft:oak_sapling":85,"minecraft:netherrack":681,"minecraft:diamond_pickaxe":4,"minecraft:crafting_table":36,"minecraft:chicken":30,"minecraft:ominous_bottle":8,"minecraft:ladder":1,"minecraft:nether_wart":204,"minecraft:leather_leggings":1,"minecraft:brown_mushroom":9,"minecraft:diamond_horse_armor":1,"minecraft:brick":233,"minecraft:shield":6,"minecraft:wind_charge":2,"minecraft:oak_trapdoor":5,"minecraft:iron_axe":4,"minecraft:acacia_door":1,"minecraft:flint_and_steel":9,"minecraft:blackstone":30,"minecraft:cartography_table":1,"minecraft:candle":24,"minecraft:beef":82,"minecraft:oak_boat":25,"minecraft:chiseled_tuff":4,"minecraft:poppy":2,"minecraft:light_gray_wool":1,"minecraft:sugar_cane":447,"minecraft:chest":68,"minecraft:birch_sapling":2,"minecraft:waxed_oxidized_copper":8,"minecraft:egg":12,"minecraft:raw_iron":119,"minecraft:flow_pottery_sherd":6,"minecraft:trident":4,"minecraft:carrot":105,"minecraft:redstone":87,"minecraft:music_disc_creator_music_box":6,"minecraft:iron_horse_armor":3,"minecraft:arrow":409,"minecraft:diamond_chestplate":6,"minecraft:beetroot_seeds":30,"minecraft:decorated_pot":62,"minecraft:nether_bricks":28,"minecraft:diamond_boots":4,"minecraft:hay_block":154,"minecraft:gold_ingot":18,"minecraft:saddle":18,"minecraft:tuff_bricks":181,"minecraft:mutton":147,"minecraft:white_wool":162,"minecraft:basalt":408,"minecraft:glow_ink_sac":6,"minecraft:leather":66,"minecraft:red_glazed_terracotta":8,"minecraft:birch_planks":1,"minecraft:waxed_copper_bulb":21,"minecraft:oak_log":277,"minecraft:waxed_copper_block":88,"minecraft:lily_pad":18,"minecraft:golden_boots":3,"minecraft:yellow_bed":24,"minecraft:gunpowder":45,"minecraft:paper":63,"minecraft:cooked_mutton":122,"minecraft:apple":33,"minecraft:iron_ingot":293,"minecraft:oak_fence_gate":1,"minecraft:stone_pickaxe":5,"minecraft:cooked_chicken":10,"minecraft:glass_bottle":4,"minecraft:iron_sword":3,"minecraft:acacia_sapling":1,"minecraft:soul_sand":241,"minecraft:oak_slab":1,"minecraft:smooth_basalt":12,"minecraft:bamboo_planks":19,"minecraft:pumpkin":3,"minecraft:dandelion":3,"minecraft:quartz":14,"minecraft:gravel":84,"minecraft:white_bed":20,"minecraft:spider_eye":23,"minecraft:polished_tuff":1,"minecraft:leather_helmet":1,"minecraft:pumpkin_seeds":7,"minecraft:slime_ball":190,"minecraft:stone_axe":21,"minecraft:iron_helmet":3,"minecraft:diamond_axe":2,"minecraft:baked_potato":7,"minecraft:melon_seeds":2,"minecraft:mangrove_propagule":2,"minecraft:coal":247,"minecraft:chiseled_tuff_bricks":2,"minecraft:ender_pearl":1},"minecraft:mined":{"minecraft:white_bed":17,"minecraft:jungle_leaves":1,"minecraft:brewing_stand":2,"minecraft:obsidian":17,"minecraft:potted_dead_bush":2,"minecraft:granite":26,"minecraft:acacia_log":83,"minecraft:grass_block":22,"minecraft:soul_soil":53,"minecraft:chiseled_tuff_bricks":3,"minecraft:composter":9,"minecraft:nether_wart":79,"minecraft:tuff_bricks":123,"minecraft:magma_block":3,"minecraft:iron_ore":91,"minecraft:barrel":13,"minecraft:fire":25,"minecraft:cobbled_deepslate":11,"minecraft:polished_tuff":4,"minecraft:pumpkin":1,"minecraft:deepslate_lapis_ore":8,"minecraft:oak_stairs":3,"minecraft:polished_tuff_slab":2,"minecraft:orange_bed":6,"minecraft:deepslate_redstone_ore":4,"minecraft:brown_mushroom":4,"minecraft:blackstone":18,"minecraft:smoker":2,"minecraft:soul_fire":2,"minecraft:clay":3,"minecraft:torch":6,"minecraft:poppy":1,"minecraft:calcite":2,"minecraft:chest":50,"minecraft:nether_quartz_ore":14,"minecraft:cobblestone":120,"minecraft:oak_planks":28,"minecraft:sugar_cane":97,"minecraft:wall_torch":8,"minecraft:amethyst_block":4,"minecraft:white_terracotta":3,"minecraft:seagrass":7,"minecraft:waxed_copper_bulb":2,"minecraft:red_candle":3,"minecraft:bamboo_planks":1,"minecraft:birch_log":11,"minecraft:wheat":42,"minecraft:waxed_copper_block":17,"minecraft:oak_log":120,"minecraft:beetroots":5,"minecraft:waxed_oxidized_copper":3,"minecraft:oak_fence_gate":1,"minecraft:waxed_oxidized_copper_door":1,"minecraft:dirt":60,"minecraft:smooth_basalt":12,"minecraft:netherrack":723,"minecraft:oak_leaves":26,"minecraft:deepslate":175,"minecraft:nether_gold_ore":1,"minecraft:tuff":23,"minecraft:mossy_cobblestone":4,"minecraft:deepslate_diamond_ore":28,"minecraft:candle":2,"minecraft:waxed_oxidized_chiseled_copper":1,"minecraft:nether_bricks":28,"minecraft:ladder":1,"minecraft:decorated_pot":33,"minecraft:crimson_roots":1,"minecraft:moss_block":2,"minecraft:cartography_table":1,"minecraft:mangrove_propagule":1,"minecraft:hay_block":107,"minecraft:oak_trapdoor":5,"minecraft:waxed_oxidized_cut_copper":9,"minecraft:furnace":13,"minecraft:carrots":33,"minecraft:waxed_copper_grate":15,"minecraft:andesite":19,"minecraft:chiseled_tuff":2,"minecraft:bell":11,"minecraft:potatoes":38,"minecraft:deepslate_iron_ore":29,"minecraft:vine":9,"minecraft:bamboo":1,"minecraft:stone":427,"minecraft:smithing_table":1,"minecraft:oak_slab":1,"minecraft:acacia_leaves":4,"minecraft:soul_sand":130,"minecraft:basalt":277,"minecraft:dandelion":1,"minecraft:oak_fence":9,"minecraft:crafting_table":21,"minecraft:short_grass":360,"minecraft:tall_grass":108,"minecraft:lapis_ore":9,"minecraft:deepslate_gold_ore":51,"minecraft:lily_pad":2,"minecraft:diorite":14,"minecraft:birch_planks":2,"minecraft:waxed_oxidized_copper_grate":2,"minecraft:birch_leaves":3,"minecraft:yellow_bed":24,"minecraft:coal_ore":160,"minecraft:flower_pot":3,"minecraft:acacia_door":1,"minecraft:gravel":39,"minecraft:acacia_planks":7,"minecraft:gold_ore":13,"minecraft:fern":5}},"DataVersion":3955}