{"stats":{"minecraft:crafted":{"minecraft:oak_planks":224,"minecraft:cooked_chicken":20,"minecraft:cooked_mutton":53,"minecraft:diamond_helmet":1,"minecraft:diamond_leggings":1,"minecraft:iron_boots":1,"minecraft:chest":3,"minecraft:emerald":8,"minecraft:cooked_porkchop":55,"minecraft:map":1,"minecraft:crafting_table":7,"minecraft:wooden_pickaxe":1,"minecraft:iron_helmet":1,"minecraft:fletching_table":1,"minecraft:campfire":1,"minecraft:iron_chestplate":1,"minecraft:paper":21,"minecraft:diamond_pickaxe":1,"minecraft:shield":2,"minecraft:stick":412,"minecraft:iron_ingot":114,"minecraft:iron_pickaxe":4,"minecraft:stone_sword":1,"minecraft:furnace":9,"minecraft:bone_meal":30,"minecraft:flint_and_steel":1,"minecraft:iron_axe":2,"minecraft:ladder":18,"minecraft:stone_pickaxe":1,"minecraft:diamond_boots":1,"minecraft:wheat":45,"minecraft:cooked_beef":56,"minecraft:diamond_sword":1,"minecraft:golden_shovel":1,"minecraft:bucket":2,"minecraft:stone_axe":2,"minecraft:bread":15,"minecraft:air":0,"minecraft:oak_boat":2,"minecraft:wooden_axe":2,"minecraft:iron_leggings":1,"minecraft:white_bed":3,"minecraft:acacia_planks":236,"minecraft:torch":232,"minecraft:lapis_block":12,"minecraft:diamond_chestplate":1},"minecraft:used":{"minecraft:ladder":18,"minecraft:chest":27,"minecraft:shield":52,"minecraft:rotten_flesh":2,"minecraft:iron_chestplate":1,"minecraft:obsidian":10,"minecraft:lava_bucket":13,"minecraft:hay_block":1,"minecraft:furnace":18,"minecraft:egg":4,"minecraft:diorite":1,"minecraft:diamond_boots":1,"minecraft:stone_pickaxe":102,"minecraft:oak_planks":28,"minecraft:ender_pearl":1,"minecraft:wooden_pickaxe":59,"minecraft:composter":3,"minecraft:golden_apple":1,"minecraft:bread":18,"minecraft:gravel":6,"minecraft:diamond_sword":288,"minecraft:oak_boat":3,"minecraft:bone_meal":12,"minecraft:stone_sword":36,"minecraft:flint_and_steel":3,"minecraft:cooked_chicken":10,"minecraft:netherrack":236,"minecraft:orange_bed":6,"minecraft:torch":228,"minecraft:dirt":62,"minecraft:diamond_helmet":1,"minecraft:golden_shovel":29,"minecraft:granite":18,"minecraft:wooden_axe":51,"minecraft:iron_axe":338,"minecraft:smooth_basalt":5,"minecraft:diamond_chestplate":1,"minecraft:basalt":12,"minecraft:soul_soil":9,"minecraft:cooked_beef":46,"minecraft:acacia_planks":3,"minecraft:cobbled_deepslate":146,"minecraft:cooked_mutton":35,"minecraft:water_bucket":14,"minecraft:cartography_table":1,"minecraft:fletching_table":1,"minecraft:mossy_cobblestone":1,"minecraft:oak_slab":1,"minecraft:crafting_table":19,"minecraft:white_bed":5,"minecraft:campfire":1,"minecraft:smoker":2,"minecraft:diamond_pickaxe":291,"minecraft:apple":1,"minecraft:iron_pickaxe":1001,"minecraft:stone_axe":208,"minecraft:cobblestone":153,"minecraft:cooked_porkchop":16,"minecraft:bucket":29,"minecraft:diamond_leggings":1},"minecraft:custom":{"minecraft:animals_bred":3,"minecraft:interact_with_crafting_table":66,"minecraft:open_barrel":6,"minecraft:bell_ring":6,"minecraft:leave_game":14,"minecraft:time_since_death":342635,"minecraft:sprint_one_cm":1220999,"minecraft:damage_blocked_by_shield":3689,"minecraft:drop":129,"minecraft:talked_to_villager":36,"minecraft:play_time":419423,"minecraft:deaths":3,"minecraft:jump":8846,"minecraft:walk_on_water_one_cm":92217,"minecraft:interact_with_furnace":219,"minecraft:traded_with_villager":9,"minecraft:interact_with_cartography_table":1,"minecraft:sleep_in_bed":16,"minecraft:damage_dealt":34245,"minecraft:crouch_one_cm":126687,"minecraft:interact_with_smoker":5,"minecraft:interact_with_smithing_table":1,"minecraft:mob_kills":276,"minecraft:climb_one_cm":23403,"minecraft:walk_one_cm":718782,"minecraft:sneak_time":31292,"minecraft:walk_under_water_one_cm":17485,"minecraft:boat_one_cm":6458,"minecraft:interact_with_blast_furnace":1,"minecraft:total_world_time":419423,"minecraft:interact_with_grindstone":1,"minecraft:time_since_rest":37460,"minecraft:damage_taken":7550,"minecraft:damage_absorbed":10,"minecraft:swim_one_cm":47377,"minecraft:fly_one_cm":1793501,"minecraft:open_chest":144,"minecraft:fall_one_cm":218466},"minecraft:broken":{"minecraft:stone_axe":2,"minecraft:wooden_axe":1,"minecraft:wooden_pickaxe":1,"minecraft:shield":1,"minecraft:iron_axe":1,"minecraft:iron_pickaxe":4},"minecraft:dropped":{"minecraft:lapis_lazuli":78,"minecraft:cooked_beef":34,"minecraft:diamond":3,"minecraft:crafting_table":1,"minecraft:cooked_porkchop":28,"minecraft:saddle":3,"minecraft:leather_helmet":1,"minecraft:flint":6,"minecraft:dirt":28,"minecraft:bone_meal":1,"minecraft:acacia_door":1,"minecraft:white_wool":24,"minecraft:gold_ingot":2,"minecraft:bone":26,"minecraft:gravel":40,"minecraft:sugar_cane":22,"minecraft:cooked_chicken":10,"minecraft:golden_chestplate":4,"minecraft:birch_sapling":1,"minecraft:wheat":2,"minecraft:obsidian":11,"minecraft:rotten_flesh":4,"minecraft:cooked_mutton":37,"minecraft:white_bed":1,"minecraft:poppy":1,"minecraft:melon_seeds":2,"minecraft:leather_boots":1,"minecraft:acacia_sapling":1,"minecraft:chest":5,"minecraft:leather_leggings":1,"minecraft:arrow":5,"minecraft:quartz":9,"minecraft:egg":5,"minecraft:bread":6,"minecraft:wheat_seeds":59,"minecraft:cobblestone":8,"minecraft:feather":12,"minecraft:granite":21,"minecraft:acacia_log":21,"minecraft:coal":27,"minecraft:stick":9,"minecraft:diorite":12,"minecraft:torch":4,"minecraft:wooden_axe":1,"minecraft:map":2,"minecraft:iron_leggings":2,"minecraft:pumpkin":1,"minecraft:string":3,"minecraft:lily_pad":9,"minecraft:acacia_planks":65,"minecraft:lapis_block":12,"minecraft:dandelion":3,"minecraft:smooth_basalt":7,"minecraft:furnace":2,"minecraft:stone_sword":1,"minecraft:tuff":14,"minecraft:chicken":6,"minecraft:light_gray_wool":1,"minecraft:iron_boots":1,"minecraft:flint_and_steel":1,"minecraft:potato":6,"minecraft:hay_block":5,"minecraft:iron_chestplate":1,"minecraft:andesite":12,"minecraft:oak_sapling":30,"minecraft:golden_sword":1,"minecraft:spider_eye":4,"minecraft:bamboo":8,"minecraft:stone_pickaxe":1,"minecraft:calcite":2},"minecraft:killed_by":{"minecraft:skeleton":3},"minecraft:killed":{"minecraft:witch":1,"minecraft:spider":10,"minecraft:skeleton":23,"minecraft:chicken":20,"minecraft:magma_cube":23,"minecraft:piglin":1,"minecraft:pig":38,"minecraft:iron_golem":1,"minecraft:creeper":6,"minecraft:sheep":45,"minecraft:zombie":37,"minecraft:cow":29,"minecraft:blaze":12,"minecraft:armadillo":1,"minecraft:wither_skeleton":14,"minecraft:enderman":1},"minecraft:picked_up":{"minecraft:wooden_axe":1,"minecraft:wheat":2,"minecraft:smithing_table":2,"minecraft:brewing_stand":2,"minecraft:golden_sword":1,"minecraft:lapis_block":36,"minecraft:string":58,"minecraft:soul_soil":9,"minecraft:iron_leggings":1,"minecraft:cobbled_deepslate":166,"minecraft:calcite":2,"minecraft:furnace":15,"minecraft:iron_boots":4,"minecraft:stick":30,"minecraft:composter":3,"minecraft:torch":8,"minecraft:acacia_log":122,"minecraft:porkchop":93,"minecraft:diorite":14,"minecraft:golden_chestplate":4,"minecraft:orange_bed":7,"minecraft:stone_sword":3,"minecraft:rotten_flesh":152,"minecraft:armadillo_scute":6,"minecraft:blaze_rod":6,"minecraft:obsidian":33,"minecraft:cobblestone":500,"minecraft:birch_log":22,"minecraft:magma_block":2,"minecraft:feather":18,"minecraft:cooked_beef":40,"minecraft:magma_cream":4,"minecraft:water_bucket":1,"minecraft:andesite":23,"minecraft:smoker":3,"minecraft:potato":12,"minecraft:flint":9,"minecraft:tuff":17,"minecraft:map":2,"minecraft:lapis_lazuli":171,"minecraft:dirt":97,"minecraft:leather_boots":1,"minecraft:bone":104,"minecraft:acacia_planks":137,"minecraft:wheat_seeds":71,"minecraft:raw_gold":189,"minecraft:bell":1,"minecraft:bamboo":32,"minecraft:oak_planks":52,"minecraft:cooked_porkchop":11,"minecraft:music_disc_13":2,"minecraft:mossy_cobblestone":1,"minecraft:sugar":2,"minecraft:diamond":36,"minecraft:granite":39,"minecraft:bone_meal":37,"minecraft:golden_apple":2,"minecraft:emerald":8,"minecraft:golden_horse_armor":1,"minecraft:bread":13,"minecraft:oak_sapling":76,"minecraft:netherrack":236,"minecraft:crafting_table":17,"minecraft:chicken":29,"minecraft:nether_wart":204,"minecraft:leather_leggings":1,"minecraft:diamond_horse_armor":1,"minecraft:acacia_door":1,"minecraft:flint_and_steel":3,"minecraft:cartography_table":1,"minecraft:beef":77,"minecraft:oak_boat":8,"minecraft:poppy":1,"minecraft:light_gray_wool":1,"minecraft:chest":30,"minecraft:sugar_cane":231,"minecraft:birch_sapling":2,"minecraft:egg":11,"minecraft:raw_iron":119,"minecraft:carrot":3,"minecraft:redstone":80,"minecraft:iron_horse_armor":3,"minecraft:arrow":31,"minecraft:nether_bricks":28,"minecraft:hay_block":39,"minecraft:saddle":18,"minecraft:gold_ingot":18,"minecraft:mutton":97,"minecraft:white_wool":136,"minecraft:basalt":19,"minecraft:glow_ink_sac":6,"minecraft:leather":64,"minecraft:oak_log":142,"minecraft:lily_pad":10,"minecraft:gunpowder":36,"minecraft:paper":63,"minecraft:cooked_mutton":103,"minecraft:apple":32,"minecraft:iron_ingot":75,"minecraft:stone_pickaxe":2,"minecraft:soul_sand":42,"minecraft:acacia_sapling":1,"minecraft:oak_slab":1,"minecraft:smooth_basalt":12,"minecraft:pumpkin":3,"minecraft:quartz":9,"minecraft:dandelion":3,"minecraft:gravel":75,"minecraft:white_bed":3,"minecraft:spider_eye":7,"minecraft:leather_helmet":1,"minecraft:pumpkin_seeds":7,"minecraft:stone_axe":2,"minecraft:iron_helmet":2,"minecraft:melon_seeds":2,"minecraft:mangrove_propagule":1,"minecraft:coal":229,"minecraft:ender_pearl":1},"minecraft:mined":{"minecraft:white_bed":1,"minecraft:jungle_leaves":1,"minecraft:brewing_stand":2,"minecraft:obsidian":8,"minecraft:granite":26,"minecraft:acacia_log":83,"minecraft:grass_block":21,"minecraft:soul_soil":9,"minecraft:composter":3,"minecraft:nether_wart":79,"minecraft:magma_block":2,"minecraft:iron_ore":91,"minecraft:fire":15,"minecraft:barrel":3,"minecraft:pumpkin":1,"minecraft:deepslate_lapis_ore":8,"minecraft:orange_bed":6,"minecraft:deepslate_redstone_ore":4,"minecraft:smoker":2,"minecraft:soul_fire":1,"minecraft:clay":3,"minecraft:torch":3,"minecraft:calcite":2,"minecraft:poppy":1,"minecraft:chest":27,"minecraft:nether_quartz_ore":9,"minecraft:cobblestone":22,"minecraft:sugar_cane":79,"minecraft:oak_planks":21,"minecraft:wall_torch":3,"minecraft:amethyst_block":4,"minecraft:seagrass":7,"minecraft:birch_log":11,"minecraft:wheat":3,"minecraft:oak_log":101,"minecraft:dirt":57,"minecraft:smooth_basalt":12,"minecraft:netherrack":247,"minecraft:oak_leaves":23,"minecraft:deepslate":166,"minecraft:tuff":20,"minecraft:mossy_cobblestone":1,"minecraft:deepslate_diamond_ore":28,"minecraft:nether_bricks":28,"minecraft:crimson_roots":1,"minecraft:cartography_table":1,"minecraft:mangrove_propagule":1,"minecraft:hay_block":16,"minecraft:furnace":11,"minecraft:carrots":1,"minecraft:andesite":19,"minecraft:bell":1,"minecraft:deepslate_iron_ore":29,"minecraft:vine":1,"minecraft:bamboo":1,"minecraft:stone":423,"minecraft:smithing_table":1,"minecraft:oak_slab":1,"minecraft:acacia_leaves":4,"minecraft:soul_sand":22,"minecraft:basalt":23,"minecraft:dandelion":1,"minecraft:crafting_table":14,"minecraft:short_grass":161,"minecraft:tall_grass":29,"minecraft:lapis_ore":9,"minecraft:deepslate_gold_ore":51,"minecraft:lily_pad":2,"minecraft:diorite":14,"minecraft:birch_leaves":1,"minecraft:coal_ore":160,"minecraft:gravel":39,"minecraft:acacia_door":1,"minecraft:acacia_planks":2,"minecraft:gold_ore":13,"minecraft:fern":5}},"DataVersion":3955}