{"stats":{"minecraft:mined":{"minecraft:tuff":20,"minecraft:white_bed":1,"minecraft:mossy_cobblestone":1,"minecraft:deepslate_diamond_ore":28,"minecraft:jungle_leaves":1,"minecraft:nether_bricks":28,"minecraft:granite":26,"minecraft:acacia_log":83,"minecraft:grass_block":21,"minecraft:crimson_roots":1,"minecraft:soul_soil":2,"minecraft:composter":3,"minecraft:cartography_table":1,"minecraft:nether_wart":79,"minecraft:hay_block":5,"minecraft:furnace":5,"minecraft:iron_ore":91,"minecraft:barrel":3,"minecraft:fire":15,"minecraft:andesite":11,"minecraft:pumpkin":1,"minecraft:deepslate_lapis_ore":8,"minecraft:deepslate_iron_ore":29,"minecraft:bamboo":1,"minecraft:stone":206,"minecraft:orange_bed":5,"minecraft:deepslate_redstone_ore":4,"minecraft:oak_slab":1,"minecraft:acacia_leaves":4,"minecraft:smoker":1,"minecraft:soul_sand":22,"minecraft:soul_fire":1,"minecraft:basalt":4,"minecraft:dandelion":1,"minecraft:clay":3,"minecraft:torch":3,"minecraft:crafting_table":11,"minecraft:short_grass":104,"minecraft:poppy":1,"minecraft:calcite":2,"minecraft:chest":17,"minecraft:nether_quartz_ore":9,"minecraft:tall_grass":20,"minecraft:cobblestone":20,"minecraft:deepslate_gold_ore":51,"minecraft:lapis_ore":9,"minecraft:lily_pad":1,"minecraft:oak_planks":8,"minecraft:sugar_cane":17,"minecraft:wall_torch":2,"minecraft:diorite":14,"minecraft:amethyst_block":4,"minecraft:seagrass":6,"minecraft:birch_log":11,"minecraft:wheat":3,"minecraft:birch_leaves":1,"minecraft:coal_ore":133,"minecraft:oak_log":101,"minecraft:gravel":39,"minecraft:acacia_door":1,"minecraft:dirt":51,"minecraft:smooth_basalt":12,"minecraft:gold_ore":13,"minecraft:netherrack":247,"minecraft:deepslate":166,"minecraft:oak_leaves":22,"minecraft:fern":5},"minecraft:used":{"minecraft:stone_sword":36,"minecraft:flint_and_steel":2,"minecraft:chest":9,"minecraft:shield":47,"minecraft:cooked_chicken":4,"minecraft:rotten_flesh":2,"minecraft:netherrack":236,"minecraft:iron_chestplate":1,"minecraft:orange_bed":5,"minecraft:torch":223,"minecraft:dirt":60,"minecraft:diamond_helmet":1,"minecraft:golden_shovel":29,"minecraft:granite":18,"minecraft:wooden_axe":51,"minecraft:lava_bucket":13,"minecraft:iron_axe":299,"minecraft:smooth_basalt":5,"minecraft:diamond_chestplate":1,"minecraft:soul_soil":2,"minecraft:furnace":14,"minecraft:acacia_planks":2,"minecraft:egg":4,"minecraft:cooked_beef":38,"minecraft:cobbled_deepslate":145,"minecraft:cooked_mutton":34,"minecraft:water_bucket":13,"minecraft:diorite":1,"minecraft:diamond_boots":1,"minecraft:oak_planks":17,"minecraft:stone_pickaxe":102,"minecraft:cartography_table":1,"minecraft:ender_pearl":1,"minecraft:wooden_pickaxe":59,"minecraft:composter":3,"minecraft:fletching_table":1,"minecraft:golden_apple":1,"minecraft:mossy_cobblestone":1,"minecraft:oak_slab":1,"minecraft:crafting_table":16,"minecraft:white_bed":5,"minecraft:apple":1,"minecraft:bread":15,"minecraft:iron_pickaxe":998,"minecraft:gravel":6,"minecraft:stone_axe":208,"minecraft:diamond_sword":173,"minecraft:cobblestone":136,"minecraft:cooked_porkchop":10,"minecraft:bucket":28,"minecraft:diamond_leggings":1,"minecraft:oak_boat":1,"minecraft:bone_meal":12},"minecraft:broken":{"minecraft:wooden_pickaxe":1,"minecraft:shield":1,"minecraft:iron_axe":1,"minecraft:stone_axe":2,"minecraft:iron_pickaxe":3,"minecraft:wooden_axe":1},"minecraft:custom":{"minecraft:mob_kills":220,"minecraft:animals_bred":3,"minecraft:interact_with_crafting_table":54,"minecraft:open_barrel":6,"minecraft:bell_ring":4,"minecraft:leave_game":10,"minecraft:time_since_death":255876,"minecraft:climb_one_cm":2999,"minecraft:sprint_one_cm":910966,"minecraft:walk_one_cm":598138,"minecraft:damage_blocked_by_shield":3502,"minecraft:drop":101,"minecraft:talked_to_villager":36,"minecraft:play_time":332664,"minecraft:deaths":3,"minecraft:sneak_time":24297,"minecraft:walk_under_water_one_cm":16320,"minecraft:jump":6756,"minecraft:interact_with_blast_furnace":1,"minecraft:walk_on_water_one_cm":62568,"minecraft:total_world_time":332664,"minecraft:interact_with_furnace":197,"minecraft:traded_with_villager":9,"minecraft:interact_with_cartography_table":1,"minecraft:sleep_in_bed":13,"minecraft:time_since_rest":45942,"minecraft:damage_absorbed":10,"minecraft:damage_taken":6559,"minecraft:damage_dealt":27531,"minecraft:swim_one_cm":33335,"minecraft:fly_one_cm":1310540,"minecraft:open_chest":93,"minecraft:crouch_one_cm":91855,"minecraft:interact_with_smoker":1,"minecraft:fall_one_cm":167010},"minecraft:picked_up":{"minecraft:wooden_axe":1,"minecraft:crafting_table":12,"minecraft:wheat":2,"minecraft:chicken":17,"minecraft:nether_wart":102,"minecraft:golden_sword":1,"minecraft:lapis_block":12,"minecraft:string":36,"minecraft:soul_soil":2,"minecraft:acacia_door":1,"minecraft:flint_and_steel":2,"minecraft:iron_leggings":1,"minecraft:cartography_table":1,"minecraft:cobbled_deepslate":165,"minecraft:beef":71,"minecraft:oak_boat":5,"minecraft:calcite":2,"minecraft:poppy":1,"minecraft:sugar_cane":53,"minecraft:chest":19,"minecraft:birch_sapling":1,"minecraft:egg":10,"minecraft:furnace":5,"minecraft:raw_iron":119,"minecraft:stick":30,"minecraft:composter":3,"minecraft:torch":7,"minecraft:acacia_log":80,"minecraft:porkchop":43,"minecraft:diorite":14,"minecraft:redstone":47,"minecraft:golden_chestplate":4,"minecraft:iron_horse_armor":2,"minecraft:orange_bed":6,"minecraft:stone_sword":3,"minecraft:arrow":23,"minecraft:rotten_flesh":88,"minecraft:nether_bricks":28,"minecraft:hay_block":20,"minecraft:armadillo_scute":6,"minecraft:gold_ingot":4,"minecraft:saddle":10,"minecraft:mutton":77,"minecraft:blaze_rod":3,"minecraft:obsidian":3,"minecraft:white_wool":77,"minecraft:cobblestone":281,"minecraft:birch_log":11,"minecraft:feather":12,"minecraft:cooked_beef":24,"minecraft:magma_cream":2,"minecraft:glow_ink_sac":6,"minecraft:andesite":15,"minecraft:smoker":1,"minecraft:leather":50,"minecraft:flint":9,"minecraft:tuff":17,"minecraft:oak_log":101,"minecraft:lily_pad":2,"minecraft:gunpowder":16,"minecraft:map":2,"minecraft:lapis_lazuli":171,"minecraft:dirt":89,"minecraft:paper":63,"minecraft:cooked_mutton":62,"minecraft:bone":57,"minecraft:acacia_planks":11,"minecraft:apple":6,"minecraft:wheat_seeds":53,"minecraft:raw_gold":126,"minecraft:iron_ingot":12,"minecraft:stone_pickaxe":2,"minecraft:bamboo":16,"minecraft:oak_planks":23,"minecraft:acacia_sapling":1,"minecraft:soul_sand":21,"minecraft:oak_slab":1,"minecraft:smooth_basalt":12,"minecraft:music_disc_13":1,"minecraft:cooked_porkchop":3,"minecraft:pumpkin":3,"minecraft:quartz":9,"minecraft:dandelion":3,"minecraft:gravel":57,"minecraft:white_bed":3,"minecraft:spider_eye":5,"minecraft:mossy_cobblestone":1,"minecraft:pumpkin_seeds":7,"minecraft:diamond":36,"minecraft:stone_axe":2,"minecraft:iron_helmet":1,"minecraft:granite":39,"minecraft:bone_meal":19,"minecraft:golden_apple":1,"minecraft:emerald":2,"minecraft:oak_sapling":24,"minecraft:netherrack":236,"minecraft:melon_seeds":2,"minecraft:coal":134,"minecraft:ender_pearl":1},"minecraft:killed_by":{"minecraft:skeleton":3},"minecraft:killed":{"minecraft:armadillo":1,"minecraft:spider":9,"minecraft:skeleton":20,"minecraft:chicken":14,"minecraft:magma_cube":22,"minecraft:piglin":1,"minecraft:pig":21,"minecraft:iron_golem":1,"minecraft:creeper":5,"minecraft:sheep":32,"minecraft:zombie":28,"minecraft:wither_skeleton":14,"minecraft:blaze":12,"minecraft:enderman":1,"minecraft:cow":25},"minecraft:dropped":{"minecraft:wheat_seeds":49,"minecraft:lapis_lazuli":78,"minecraft:cooked_beef":24,"minecraft:diamond":3,"minecraft:cooked_porkchop":28,"minecraft:cobblestone":8,"minecraft:feather":12,"minecraft:granite":21,"minecraft:saddle":3,"minecraft:coal":3,"minecraft:flint":6,"minecraft:stick":7,"minecraft:dirt":28,"minecraft:diorite":12,"minecraft:torch":4,"minecraft:wooden_axe":1,"minecraft:map":2,"minecraft:iron_leggings":2,"minecraft:pumpkin":1,"minecraft:bone_meal":1,"minecraft:acacia_door":1,"minecraft:string":3,"minecraft:lily_pad":2,"minecraft:acacia_planks":3,"minecraft:bone":6,"minecraft:dandelion":3,"minecraft:gold_ingot":2,"minecraft:smooth_basalt":7,"minecraft:gravel":31,"minecraft:cooked_chicken":10,"minecraft:golden_chestplate":4,"minecraft:stone_sword":1,"minecraft:tuff":14,"minecraft:wheat":2,"minecraft:rotten_flesh":4,"minecraft:iron_boots":1,"minecraft:cooked_mutton":16,"minecraft:white_bed":1,"minecraft:flint_and_steel":1,"minecraft:poppy":1,"minecraft:hay_block":5,"minecraft:iron_chestplate":1,"minecraft:andesite":12,"minecraft:melon_seeds":2,"minecraft:oak_sapling":7,"minecraft:acacia_sapling":1,"minecraft:chest":4,"minecraft:golden_sword":1,"minecraft:spider_eye":4,"minecraft:arrow":5,"minecraft:stone_pickaxe":1,"minecraft:calcite":2,"minecraft:quartz":9,"minecraft:egg":5},"minecraft:crafted":{"minecraft:oak_planks":184,"minecraft:cooked_chicken":14,"minecraft:furnace":9,"minecraft:bone_meal":30,"minecraft:cooked_mutton":51,"minecraft:flint_and_steel":1,"minecraft:diamond_helmet":1,"minecraft:diamond_leggings":1,"minecraft:iron_boots":1,"minecraft:iron_axe":2,"minecraft:stone_pickaxe":1,"minecraft:chest":3,"minecraft:diamond_boots":1,"minecraft:wheat":45,"minecraft:cooked_beef":56,"minecraft:diamond_sword":1,"minecraft:emerald":8,"minecraft:cooked_porkchop":39,"minecraft:crafting_table":6,"minecraft:map":1,"minecraft:wooden_pickaxe":1,"minecraft:iron_helmet":1,"minecraft:golden_shovel":1,"minecraft:fletching_table":1,"minecraft:bucket":2,"minecraft:stone_axe":2,"minecraft:air":0,"minecraft:bread":15,"minecraft:oak_boat":1,"minecraft:iron_chestplate":1,"minecraft:paper":21,"minecraft:shield":2,"minecraft:stick":336,"minecraft:iron_ingot":114,"minecraft:iron_pickaxe":4,"minecraft:wooden_axe":2,"minecraft:stone_sword":1,"minecraft:iron_leggings":1,"minecraft:white_bed":3,"minecraft:acacia_planks":236,"minecraft:torch":220,"minecraft:lapis_block":12,"minecraft:diamond_chestplate":1}},"DataVersion":3955}