{"stats":{"minecraft:crafted":{"minecraft:oak_planks":252,"minecraft:cooked_chicken":20,"minecraft:cooked_mutton":71,"minecraft:diamond_helmet":1,"minecraft:diamond_leggings":1,"minecraft:iron_boots":1,"minecraft:chest":4,"minecraft:emerald":8,"minecraft:cooked_porkchop":93,"minecraft:map":1,"minecraft:crafting_table":8,"minecraft:wooden_pickaxe":1,"minecraft:iron_helmet":1,"minecraft:fletching_table":1,"minecraft:birch_planks":44,"minecraft:campfire":1,"minecraft:iron_chestplate":2,"minecraft:paper":21,"minecraft:diamond_pickaxe":1,"minecraft:shield":3,"minecraft:stick":412,"minecraft:iron_ingot":114,"minecraft:iron_pickaxe":4,"minecraft:iron_block":3,"minecraft:stone_sword":1,"minecraft:gold_ingot":63,"minecraft:shears":1,"minecraft:furnace":9,"minecraft:bone_meal":30,"minecraft:oak_trapdoor":2,"minecraft:flint_and_steel":1,"minecraft:iron_axe":2,"minecraft:ladder":18,"minecraft:iron_hoe":1,"minecraft:stone_pickaxe":1,"minecraft:diamond_boots":1,"minecraft:wheat":669,"minecraft:cooked_beef":61,"minecraft:diamond_sword":1,"minecraft:golden_shovel":1,"minecraft:bucket":2,"minecraft:stone_axe":3,"minecraft:air":0,"minecraft:bread":216,"minecraft:oak_boat":6,"minecraft:golden_apple":9,"minecraft:wooden_axe":2,"minecraft:iron_leggings":2,"minecraft:anvil":1,"minecraft:white_bed":4,"minecraft:acacia_planks":236,"minecraft:torch":304,"minecraft:lapis_block":12,"minecraft:diamond_chestplate":1},"minecraft:used":{"minecraft:tuff_bricks":12,"minecraft:ladder":18,"minecraft:poppy":1,"minecraft:white_terracotta":2,"minecraft:chest":31,"minecraft:shield":85,"minecraft:bell":9,"minecraft:rotten_flesh":2,"minecraft:iron_chestplate":1,"minecraft:carrot":42,"minecraft:honey_bottle":2,"minecraft:obsidian":20,"minecraft:lava_bucket":14,"minecraft:magma_block":1,"minecraft:bow":2,"minecraft:hay_block":1,"minecraft:furnace":20,"minecraft:egg":4,"minecraft:potato":25,"minecraft:diorite":1,"minecraft:diamond_boots":2,"minecraft:stone_pickaxe":102,"minecraft:oak_planks":30,"minecraft:ender_pearl":1,"minecraft:wooden_pickaxe":59,"minecraft:composter":8,"minecraft:golden_apple":2,"minecraft:lingering_potion":1,"minecraft:bread":27,"minecraft:gravel":6,"minecraft:diamond_sword":639,"minecraft:oak_boat":13,"minecraft:bone_meal":12,"minecraft:oak_fence":6,"minecraft:oak_trapdoor":5,"minecraft:stone_sword":36,"minecraft:flint_and_steel":4,"minecraft:trial_key":3,"minecraft:cooked_chicken":11,"minecraft:netherrack":283,"minecraft:orange_bed":6,"minecraft:torch":285,"minecraft:dirt":83,"minecraft:anvil":1,"minecraft:diamond_helmet":2,"minecraft:golden_shovel":29,"minecraft:granite":18,"minecraft:oak_fence_gate":1,"minecraft:iron_hoe":74,"minecraft:wooden_axe":51,"minecraft:iron_axe":395,"minecraft:oak_stairs":3,"minecraft:smooth_basalt":5,"minecraft:diamond_chestplate":1,"minecraft:basalt":26,"minecraft:soul_soil":9,"minecraft:cooked_beef":54,"minecraft:cobbled_deepslate":155,"minecraft:acacia_planks":9,"minecraft:cooked_mutton":58,"minecraft:water_bucket":28,"minecraft:birch_planks":19,"minecraft:cartography_table":1,"minecraft:fletching_table":1,"minecraft:mossy_cobblestone":4,"minecraft:oak_slab":1,"minecraft:crafting_table":24,"minecraft:white_bed":21,"minecraft:campfire":1,"minecraft:smoker":2,"minecraft:diamond_pickaxe":554,"minecraft:apple":1,"minecraft:iron_pickaxe":1001,"minecraft:stone_axe":248,"minecraft:cobblestone":296,"minecraft:cooked_porkchop":45,"minecraft:bucket":43,"minecraft:yellow_bed":22,"minecraft:diamond_leggings":1},"minecraft:custom":{"minecraft:animals_bred":3,"minecraft:interact_with_crafting_table":90,"minecraft:open_barrel":13,"minecraft:bell_ring":92,"minecraft:leave_game":25,"minecraft:time_since_death":528983,"minecraft:sprint_one_cm":1887711,"minecraft:damage_blocked_by_shield":5527,"minecraft:drop":228,"minecraft:talked_to_villager":46,"minecraft:play_time":605771,"minecraft:deaths":3,"minecraft:jump":14080,"minecraft:walk_on_water_one_cm":138736,"minecraft:interact_with_furnace":292,"minecraft:traded_with_villager":9,"minecraft:interact_with_cartography_table":1,"minecraft:sleep_in_bed":23,"minecraft:damage_dealt":56063,"minecraft:crouch_one_cm":168365,"minecraft:interact_with_smoker":14,"minecraft:inspect_dispenser":17,"minecraft:interact_with_smithing_table":1,"minecraft:interact_with_anvil":3,"minecraft:mob_kills":406,"minecraft:climb_one_cm":34836,"minecraft:walk_one_cm":1103089,"minecraft:sneak_time":40337,"minecraft:walk_under_water_one_cm":28418,"minecraft:boat_one_cm":50245,"minecraft:interact_with_blast_furnace":1,"minecraft:total_world_time":605771,"minecraft:interact_with_grindstone":1,"minecraft:time_since_rest":58080,"minecraft:damage_absorbed":51,"minecraft:damage_taken":11181,"minecraft:swim_one_cm":60136,"minecraft:fly_one_cm":3014671,"minecraft:open_chest":202,"minecraft:fall_one_cm":386545},"minecraft:broken":{"minecraft:stone_axe":2,"minecraft:wooden_axe":1,"minecraft:wooden_pickaxe":1,"minecraft:shield":1,"minecraft:iron_axe":2,"minecraft:iron_pickaxe":4},"minecraft:dropped":{"minecraft:brown_mushroom":7,"minecraft:lapis_lazuli":78,"minecraft:cooked_beef":34,"minecraft:glass_bottle":1,"minecraft:diamond":3,"minecraft:crafting_table":1,"minecraft:cooked_porkchop":51,"minecraft:saddle":3,"minecraft:leather_helmet":1,"minecraft:flint":6,"minecraft:dirt":28,"minecraft:mutton":16,"minecraft:bone_meal":1,"minecraft:sugar":2,"minecraft:acacia_door":1,"minecraft:white_wool":24,"minecraft:gold_ingot":2,"minecraft:bone":56,"minecraft:gravel":40,"minecraft:stone_axe":1,"minecraft:sugar_cane":150,"minecraft:cooked_chicken":10,"minecraft:chiseled_tuff_bricks":1,"minecraft:golden_chestplate":5,"minecraft:wheat":2,"minecraft:birch_sapling":1,"minecraft:obsidian":11,"minecraft:beetroot":5,"minecraft:rotten_flesh":40,"minecraft:cooked_mutton":49,"minecraft:white_bed":1,"minecraft:carrot":45,"minecraft:poppy":1,"minecraft:tipped_arrow":3,"minecraft:beetroot_seeds":15,"minecraft:melon_seeds":2,"minecraft:leather_boots":1,"minecraft:chainmail_boots":1,"minecraft:acacia_sapling":1,"minecraft:chest":5,"minecraft:leather_leggings":1,"minecraft:breeze_rod":1,"minecraft:arrow":22,"minecraft:quartz":9,"minecraft:egg":5,"minecraft:bread":202,"minecraft:wheat_seeds":123,"minecraft:cobblestone":8,"minecraft:feather":14,"minecraft:apple":5,"minecraft:granite":21,"minecraft:golden_apple":9,"minecraft:acacia_log":21,"minecraft:coal":27,"minecraft:stick":9,"minecraft:diorite":12,"minecraft:torch":36,"minecraft:wooden_axe":1,"minecraft:map":2,"minecraft:fire_charge":6,"minecraft:iron_leggings":2,"minecraft:pumpkin":1,"minecraft:string":9,"minecraft:lily_pad":12,"minecraft:acacia_planks":65,"minecraft:lapis_block":12,"minecraft:dandelion":3,"minecraft:smooth_basalt":7,"minecraft:furnace":2,"minecraft:stone_sword":1,"minecraft:tuff":14,"minecraft:composter":1,"minecraft:chicken":6,"minecraft:light_gray_wool":1,"minecraft:iron_boots":1,"minecraft:flint_and_steel":2,"minecraft:potato":45,"minecraft:hay_block":30,"minecraft:trial_key":1,"minecraft:iron_chestplate":1,"minecraft:andesite":12,"minecraft:oak_boat":2,"minecraft:golden_leggings":2,"minecraft:oak_sapling":39,"minecraft:golden_sword":1,"minecraft:spider_eye":12,"minecraft:bamboo":8,"minecraft:bow":1,"minecraft:stone_pickaxe":1,"minecraft:calcite":2},"minecraft:killed_by":{"minecraft:skeleton":3},"minecraft:killed":{"minecraft:witch":1,"minecraft:spider":14,"minecraft:skeleton":38,"minecraft:chicken":21,"minecraft:magma_cube":26,"minecraft:piglin":3,"minecraft:pig":54,"minecraft:iron_golem":2,"minecraft:creeper":12,"minecraft:sheep":56,"minecraft:zombie":80,"minecraft:stray":14,"minecraft:cow":31,"minecraft:blaze":12,"minecraft:armadillo":1,"minecraft:breeze":5,"minecraft:wither_skeleton":14,"minecraft:villager":3,"minecraft:enderman":1},"minecraft:picked_up":{"minecraft:wooden_axe":1,"minecraft:wheat":33,"minecraft:chainmail_boots":1,"minecraft:smithing_table":2,"minecraft:oak_stairs":3,"minecraft:enchanted_book":2,"minecraft:brewing_stand":2,"minecraft:golden_sword":1,"minecraft:lapis_block":36,"minecraft:string":74,"minecraft:soul_soil":9,"minecraft:iron_leggings":1,"minecraft:beetroot":5,"minecraft:cobbled_deepslate":175,"minecraft:trial_key":7,"minecraft:calcite":2,"minecraft:furnace":17,"minecraft:iron_boots":4,"minecraft:tipped_arrow":35,"minecraft:stick":73,"minecraft:composter":11,"minecraft:oak_fence":12,"minecraft:torch":49,"minecraft:acacia_log":122,"minecraft:porkchop":159,"minecraft:waxed_copper_grate":2,"minecraft:diorite":14,"minecraft:golden_chestplate":5,"minecraft:orange_bed":7,"minecraft:stone_sword":3,"minecraft:honey_bottle":1,"minecraft:rotten_flesh":239,"minecraft:armadillo_scute":6,"minecraft:white_terracotta":2,"minecraft:blaze_rod":6,"minecraft:obsidian":43,"minecraft:cobblestone":595,"minecraft:birch_log":22,"minecraft:magma_block":2,"minecraft:feather":20,"minecraft:cooked_beef":40,"minecraft:magma_cream":4,"minecraft:water_bucket":1,"minecraft:andesite":23,"minecraft:golden_leggings":2,"minecraft:smoker":3,"minecraft:potato":76,"minecraft:flint":9,"minecraft:tuff":17,"minecraft:map":2,"minecraft:lapis_lazuli":171,"minecraft:dirt":118,"minecraft:leather_boots":1,"minecraft:bone":180,"minecraft:acacia_planks":142,"minecraft:bow":1,"minecraft:wheat_seeds":195,"minecraft:raw_gold":189,"minecraft:bell":12,"minecraft:bamboo":32,"minecraft:oak_planks":59,"minecraft:cooked_porkchop":11,"minecraft:music_disc_13":2,"minecraft:mossy_cobblestone":4,"minecraft:sugar":4,"minecraft:diamond":36,"minecraft:breeze_rod":9,"minecraft:granite":39,"minecraft:bone_meal":37,"minecraft:golden_apple":2,"minecraft:music_disc_precipice":1,"minecraft:emerald":8,"minecraft:golden_horse_armor":1,"minecraft:bread":13,"minecraft:oak_sapling":85,"minecraft:netherrack":283,"minecraft:crafting_table":21,"minecraft:ominous_bottle":1,"minecraft:chicken":29,"minecraft:nether_wart":204,"minecraft:leather_leggings":1,"minecraft:brown_mushroom":9,"minecraft:diamond_horse_armor":1,"minecraft:oak_trapdoor":5,"minecraft:acacia_door":1,"minecraft:flint_and_steel":5,"minecraft:cartography_table":1,"minecraft:beef":82,"minecraft:oak_boat":22,"minecraft:chiseled_tuff":1,"minecraft:poppy":2,"minecraft:light_gray_wool":1,"minecraft:chest":33,"minecraft:sugar_cane":447,"minecraft:birch_sapling":2,"minecraft:egg":12,"minecraft:raw_iron":119,"minecraft:carrot":105,"minecraft:redstone":87,"minecraft:iron_horse_armor":3,"minecraft:arrow":92,"minecraft:beetroot_seeds":30,"minecraft:nether_bricks":28,"minecraft:hay_block":134,"minecraft:saddle":18,"minecraft:gold_ingot":18,"minecraft:tuff_bricks":30,"minecraft:mutton":147,"minecraft:white_wool":162,"minecraft:basalt":33,"minecraft:glow_ink_sac":6,"minecraft:leather":66,"minecraft:birch_planks":1,"minecraft:oak_log":214,"minecraft:lily_pad":18,"minecraft:yellow_bed":24,"minecraft:gunpowder":45,"minecraft:paper":63,"minecraft:cooked_mutton":117,"minecraft:apple":33,"minecraft:oak_fence_gate":1,"minecraft:iron_ingot":84,"minecraft:stone_pickaxe":2,"minecraft:cooked_chicken":1,"minecraft:acacia_sapling":1,"minecraft:soul_sand":42,"minecraft:oak_slab":1,"minecraft:bamboo_planks":1,"minecraft:smooth_basalt":12,"minecraft:pumpkin":3,"minecraft:quartz":9,"minecraft:dandelion":3,"minecraft:gravel":75,"minecraft:white_bed":20,"minecraft:spider_eye":23,"minecraft:leather_helmet":1,"minecraft:pumpkin_seeds":7,"minecraft:stone_axe":3,"minecraft:iron_helmet":2,"minecraft:chiseled_tuff_bricks":1,"minecraft:melon_seeds":2,"minecraft:mangrove_propagule":2,"minecraft:coal":247,"minecraft:ender_pearl":1},"minecraft:mined":{"minecraft:white_bed":17,"minecraft:jungle_leaves":1,"minecraft:brewing_stand":2,"minecraft:obsidian":17,"minecraft:granite":26,"minecraft:acacia_log":83,"minecraft:grass_block":22,"minecraft:soul_soil":9,"minecraft:chiseled_tuff_bricks":3,"minecraft:composter":9,"minecraft:nether_wart":79,"minecraft:tuff_bricks":34,"minecraft:magma_block":2,"minecraft:cobbled_deepslate":4,"minecraft:iron_ore":91,"minecraft:fire":16,"minecraft:barrel":3,"minecraft:polished_tuff":4,"minecraft:pumpkin":1,"minecraft:deepslate_lapis_ore":8,"minecraft:oak_stairs":3,"minecraft:polished_tuff_slab":2,"minecraft:orange_bed":6,"minecraft:deepslate_redstone_ore":4,"minecraft:brown_mushroom":4,"minecraft:smoker":2,"minecraft:soul_fire":2,"minecraft:clay":3,"minecraft:torch":4,"minecraft:calcite":2,"minecraft:poppy":1,"minecraft:chest":30,"minecraft:nether_quartz_ore":9,"minecraft:cobblestone":118,"minecraft:sugar_cane":97,"minecraft:oak_planks":28,"minecraft:wall_torch":7,"minecraft:amethyst_block":4,"minecraft:seagrass":7,"minecraft:white_terracotta":3,"minecraft:red_candle":1,"minecraft:bamboo_planks":1,"minecraft:birch_log":11,"minecraft:wheat":40,"minecraft:waxed_copper_block":1,"minecraft:oak_log":120,"minecraft:beetroots":5,"minecraft:oak_fence_gate":1,"minecraft:dirt":60,"minecraft:smooth_basalt":12,"minecraft:netherrack":294,"minecraft:oak_leaves":26,"minecraft:deepslate":172,"minecraft:tuff":23,"minecraft:mossy_cobblestone":4,"minecraft:deepslate_diamond_ore":28,"minecraft:nether_bricks":28,"minecraft:crimson_roots":1,"minecraft:cartography_table":1,"minecraft:mangrove_propagule":1,"minecraft:hay_block":86,"minecraft:oak_trapdoor":5,"minecraft:furnace":13,"minecraft:carrots":33,"minecraft:waxed_copper_grate":2,"minecraft:andesite":19,"minecraft:chiseled_tuff":2,"minecraft:bell":11,"minecraft:potatoes":16,"minecraft:deepslate_iron_ore":29,"minecraft:vine":9,"minecraft:bamboo":1,"minecraft:stone":424,"minecraft:smithing_table":1,"minecraft:oak_slab":1,"minecraft:acacia_leaves":4,"minecraft:soul_sand":22,"minecraft:basalt":30,"minecraft:dandelion":1,"minecraft:oak_fence":9,"minecraft:crafting_table":18,"minecraft:short_grass":325,"minecraft:tall_grass":88,"minecraft:lapis_ore":9,"minecraft:deepslate_gold_ore":51,"minecraft:lily_pad":2,"minecraft:diorite":14,"minecraft:birch_planks":1,"minecraft:waxed_oxidized_copper_grate":2,"minecraft:birch_leaves":3,"minecraft:yellow_bed":24,"minecraft:coal_ore":160,"minecraft:gravel":39,"minecraft:acacia_door":1,"minecraft:acacia_planks":7,"minecraft:gold_ore":13,"minecraft:fern":5}},"DataVersion":3955}