{"stats":{"minecraft:used":{"minecraft:spruce_planks":4,"minecraft:shield":39,"minecraft:cooked_chicken":12,"minecraft:iron_chestplate":2,"minecraft:torch":212,"minecraft:dirt":6,"minecraft:carrot":5,"minecraft:diamond_helmet":2,"minecraft:iron_axe":950,"minecraft:acacia_slab":9,"minecraft:iron_helmet":2,"minecraft:iron_boots":1,"minecraft:furnace":5,"minecraft:egg":8,"minecraft:cooked_beef":10,"minecraft:cobbled_deepslate":42,"minecraft:cooked_mutton":12,"minecraft:acacia_boat":6,"minecraft:water_bucket":54,"minecraft:diorite":1,"minecraft:diamond_boots":1,"minecraft:spruce_door":3,"minecraft:stone_pickaxe":216,"minecraft:sugar_cane":34,"minecraft:wooden_pickaxe":39,"minecraft:blue_bed":2,"minecraft:fletching_table":4,"minecraft:white_wool":8,"minecraft:oak_slab":1,"minecraft:crafting_table":14,"minecraft:blast_furnace":12,"minecraft:white_bed":2,"minecraft:spruce_log":1,"minecraft:acacia_door":14,"minecraft:bread":12,"minecraft:suspicious_stew":1,"minecraft:iron_pickaxe":1132,"minecraft:gravel":56,"minecraft:stone_axe":176,"minecraft:purple_bed":1,"minecraft:cobblestone":229,"minecraft:grindstone":3,"minecraft:cooked_porkchop":18,"minecraft:andesite":7,"minecraft:bucket":56,"minecraft:diamond_leggings":1},"minecraft:broken":{"minecraft:iron_axe":3,"minecraft:stone_axe":1,"minecraft:iron_pickaxe":4},"minecraft:picked_up":{"minecraft:crafting_table":14,"minecraft:iron_chestplate":1,"minecraft:chainmail_boots":3,"minecraft:chicken":13,"minecraft:wooden_pickaxe":1,"minecraft:string":9,"minecraft:iron_axe":1,"minecraft:acacia_door":16,"minecraft:cobbled_deepslate":156,"minecraft:spruce_planks":52,"minecraft:beef":11,"minecraft:iron_pickaxe":2,"minecraft:sugar_cane":34,"minecraft:furnace":6,"minecraft:iron_boots":10,"minecraft:egg":10,"minecraft:stick":35,"minecraft:raw_iron":185,"minecraft:sandstone":17,"minecraft:oak_fence":2,"minecraft:torch":158,"minecraft:acacia_log":7,"minecraft:spruce_stairs":2,"minecraft:porkchop":34,"minecraft:diorite":9,"minecraft:carrot":1,"minecraft:arrow":22,"minecraft:rotten_flesh":56,"minecraft:hay_block":19,"minecraft:armadillo_scute":1,"minecraft:mutton":20,"minecraft:rail":1,"minecraft:white_wool":20,"minecraft:cobblestone":429,"minecraft:feather":18,"minecraft:cooked_beef":8,"minecraft:water_bucket":1,"minecraft:andesite":33,"minecraft:leather":12,"minecraft:flint":4,"minecraft:tuff":18,"minecraft:oak_log":22,"minecraft:cobblestone_wall":1,"minecraft:gunpowder":12,"minecraft:acacia_boat":6,"minecraft:lapis_lazuli":13,"minecraft:dirt":59,"minecraft:blue_bed":2,"minecraft:bone":7,"minecraft:acacia_planks":17,"minecraft:wheat_seeds":9,"minecraft:raw_gold":61,"minecraft:stone_pickaxe":1,"minecraft:grindstone":6,"minecraft:iron_ingot":32,"minecraft:cooked_chicken":6,"minecraft:fletching_table":2,"minecraft:oak_planks":5,"minecraft:cooked_porkchop":26,"minecraft:gravel":56,"minecraft:sand":26,"minecraft:spruce_sapling":17,"minecraft:blast_furnace":12,"minecraft:white_bed":3,"minecraft:spruce_log":881,"minecraft:spruce_door":1,"minecraft:spider_eye":2,"minecraft:purple_bed":2,"minecraft:diamond":29,"minecraft:stone_axe":1,"minecraft:chainmail_leggings":17,"minecraft:iron_helmet":1,"minecraft:granite":5,"minecraft:oak_sapling":2,"minecraft:acacia_slab":4,"minecraft:melon_seeds":1,"minecraft:coal":270},"minecraft:killed":{"minecraft:cave_spider":1,"minecraft:spider":8,"minecraft:skeleton":18,"minecraft:chicken":11,"minecraft:pig":14,"minecraft:bat":1,"minecraft:creeper":9,"minecraft:sheep":9,"minecraft:pillager":9,"minecraft:zombie":39,"minecraft:cow":5,"minecraft:enderman":1},"minecraft:killed_by":{"minecraft:skeleton":2},"minecraft:custom":{"minecraft:mob_kills":129,"minecraft:interact_with_crafting_table":47,"minecraft:bell_ring":10,"minecraft:leave_game":41,"minecraft:time_since_death":298809,"minecraft:climb_one_cm":2299,"minecraft:sprint_one_cm":1247243,"minecraft:walk_one_cm":833847,"minecraft:damage_blocked_by_shield":941,"minecraft:drop":78,"minecraft:talked_to_villager":144,"minecraft:play_time":404288,"minecraft:deaths":2,"minecraft:sneak_time":36519,"minecraft:walk_under_water_one_cm":91179,"minecraft:boat_one_cm":196015,"minecraft:jump":5919,"minecraft:interact_with_blast_furnace":12,"minecraft:walk_on_water_one_cm":72088,"minecraft:total_world_time":404288,"minecraft:interact_with_furnace":84,"minecraft:traded_with_villager":225,"minecraft:sleep_in_bed":10,"minecraft:time_since_rest":615,"minecraft:damage_taken":3395,"minecraft:damage_dealt":20517,"minecraft:swim_one_cm":197078,"minecraft:fly_one_cm":963241,"minecraft:open_chest":165,"minecraft:crouch_one_cm":118595,"minecraft:fall_one_cm":131219},"minecraft:dropped":{"minecraft:cobblestone":8,"minecraft:granite":1,"minecraft:rail":1,"minecraft:stick":2,"minecraft:dirt":3,"minecraft:diorite":6,"minecraft:iron_axe":2,"minecraft:iron_pickaxe":1,"minecraft:chainmail_leggings":24,"minecraft:string":3,"minecraft:acacia_planks":1,"minecraft:sweet_berries":4,"minecraft:cobbled_deepslate":14,"minecraft:cobblestone_wall":1,"minecraft:tuff":18,"minecraft:rotten_flesh":11,"minecraft:iron_boots":16,"minecraft:andesite":2,"minecraft:chainmail_boots":3,"minecraft:spider_eye":2,"minecraft:spruce_log":256},"minecraft:crafted":{"minecraft:oak_planks":36,"minecraft:chainmail_helmet":8,"minecraft:cooked_chicken":14,"minecraft:furnace":2,"minecraft:cooked_mutton":12,"minecraft:diamond_helmet":1,"minecraft:diamond_leggings":1,"minecraft:iron_boots":27,"minecraft:iron_axe":5,"minecraft:stone_pickaxe":2,"minecraft:diamond_boots":1,"minecraft:chainmail_leggings":28,"minecraft:cooked_beef":10,"minecraft:oak_slab":6,"minecraft:emerald":152,"minecraft:cooked_porkchop":24,"minecraft:crafting_table":4,"minecraft:spruce_planks":2516,"minecraft:acacia_slab":6,"minecraft:iron_helmet":2,"minecraft:wooden_pickaxe":2,"minecraft:spruce_door":3,"minecraft:fletching_table":2,"minecraft:bucket":2,"minecraft:stone_axe":2,"minecraft:acacia_boat":1,"minecraft:air":0,"minecraft:iron_chestplate":2,"minecraft:shield":1,"minecraft:stick":4890,"minecraft:iron_ingot":85,"minecraft:chainmail_boots":8,"minecraft:iron_pickaxe":6,"minecraft:gold_ingot":17,"minecraft:acacia_planks":24,"minecraft:torch":48},"minecraft:mined":{"minecraft:tuff":21,"minecraft:spruce_planks":7,"minecraft:white_bed":4,"minecraft:farmland":1,"minecraft:deepslate_diamond_ore":29,"minecraft:granite":15,"minecraft:acacia_log":8,"minecraft:grass_block":6,"minecraft:jungle_planks":1,"minecraft:spruce_leaves":33,"minecraft:acacia_slab":3,"minecraft:sandstone":17,"minecraft:large_fern":1,"minecraft:hay_block":19,"minecraft:furnace":5,"minecraft:iron_ore":161,"minecraft:andesite":27,"minecraft:fletching_table":2,"minecraft:deepslate_iron_ore":19,"minecraft:rail":1,"minecraft:stone":329,"minecraft:white_wool":6,"minecraft:deepslate_redstone_ore":3,"minecraft:acacia_leaves":1,"minecraft:oak_fence":2,"minecraft:crafting_table":13,"minecraft:torch":57,"minecraft:short_grass":29,"minecraft:blast_furnace":12,"minecraft:poppy":1,"minecraft:tall_grass":7,"minecraft:cobblestone":38,"minecraft:lapis_ore":2,"minecraft:deepslate_gold_ore":43,"minecraft:grindstone":6,"minecraft:sugar_cane":17,"minecraft:oak_planks":4,"minecraft:diorite":8,"minecraft:wall_torch":87,"minecraft:blue_bed":2,"minecraft:spruce_stairs":3,"minecraft:purple_bed":2,"minecraft:cobblestone_wall":1,"minecraft:spruce_log":624,"minecraft:oak_log":22,"minecraft:coal_ore":214,"minecraft:dripstone_block":1,"minecraft:acacia_door":16,"minecraft:gravel":60,"minecraft:sand":27,"minecraft:dirt":34,"minecraft:gold_ore":1,"minecraft:oak_leaves":5,"minecraft:deepslate":316,"minecraft:fern":1}},"DataVersion":3955}