{"stats":{"minecraft:crafted":{"minecraft:oak_planks":36,"minecraft:chainmail_helmet":8,"minecraft:cooked_chicken":8,"minecraft:furnace":2,"minecraft:cooked_mutton":3,"minecraft:diamond_leggings":1,"minecraft:iron_boots":11,"minecraft:iron_axe":3,"minecraft:stone_pickaxe":2,"minecraft:diamond_boots":1,"minecraft:chainmail_leggings":4,"minecraft:cooked_beef":10,"minecraft:oak_slab":6,"minecraft:emerald":99,"minecraft:cooked_porkchop":7,"minecraft:crafting_table":2,"minecraft:spruce_planks":1840,"minecraft:acacia_slab":6,"minecraft:wooden_pickaxe":2,"minecraft:iron_helmet":2,"minecraft:fletching_table":2,"minecraft:bucket":2,"minecraft:stone_axe":2,"minecraft:acacia_boat":1,"minecraft:air":0,"minecraft:iron_chestplate":2,"minecraft:stick":3696,"minecraft:iron_pickaxe":2,"minecraft:iron_ingot":85,"minecraft:chainmail_boots":8,"minecraft:acacia_planks":24,"minecraft:torch":16},"minecraft:used":{"minecraft:spruce_planks":2,"minecraft:cooked_chicken":7,"minecraft:iron_chestplate":2,"minecraft:torch":50,"minecraft:dirt":6,"minecraft:iron_axe":530,"minecraft:acacia_slab":8,"minecraft:iron_helmet":1,"minecraft:iron_boots":1,"minecraft:furnace":5,"minecraft:egg":8,"minecraft:cooked_beef":10,"minecraft:cooked_mutton":3,"minecraft:acacia_boat":2,"minecraft:water_bucket":4,"minecraft:diorite":1,"minecraft:diamond_boots":1,"minecraft:stone_pickaxe":216,"minecraft:wooden_pickaxe":39,"minecraft:blue_bed":1,"minecraft:fletching_table":4,"minecraft:white_wool":7,"minecraft:oak_slab":1,"minecraft:crafting_table":7,"minecraft:blast_furnace":8,"minecraft:white_bed":2,"minecraft:spruce_log":1,"minecraft:acacia_door":14,"minecraft:bread":3,"minecraft:iron_pickaxe":193,"minecraft:gravel":46,"minecraft:stone_axe":176,"minecraft:cobblestone":130,"minecraft:cooked_porkchop":10,"minecraft:andesite":7,"minecraft:bucket":6,"minecraft:diamond_leggings":1},"minecraft:custom":{"minecraft:mob_kills":51,"minecraft:interact_with_crafting_table":38,"minecraft:bell_ring":8,"minecraft:leave_game":2,"minecraft:time_since_death":100112,"minecraft:climb_one_cm":327,"minecraft:sprint_one_cm":757281,"minecraft:walk_one_cm":391800,"minecraft:drop":7,"minecraft:talked_to_villager":79,"minecraft:play_time":205591,"minecraft:deaths":2,"minecraft:sneak_time":18756,"minecraft:walk_under_water_one_cm":42973,"minecraft:boat_one_cm":45222,"minecraft:jump":2724,"minecraft:interact_with_blast_furnace":4,"minecraft:walk_on_water_one_cm":28089,"minecraft:total_world_time":205591,"minecraft:interact_with_furnace":60,"minecraft:traded_with_villager":131,"minecraft:sleep_in_bed":6,"minecraft:time_since_rest":24129,"minecraft:damage_taken":1830,"minecraft:damage_dealt":5468,"minecraft:swim_one_cm":139994,"minecraft:fly_one_cm":474854,"minecraft:open_chest":50,"minecraft:crouch_one_cm":62411,"minecraft:fall_one_cm":60980},"minecraft:broken":{"minecraft:iron_axe":2,"minecraft:stone_axe":1},"minecraft:dropped":{"minecraft:rail":1,"minecraft:diorite":4,"minecraft:acacia_planks":1,"minecraft:chainmail_boots":3},"minecraft:killed_by":{"minecraft:skeleton":2},"minecraft:killed":{"minecraft:cave_spider":1,"minecraft:spider":1,"minecraft:skeleton":2,"minecraft:chicken":11,"minecraft:pig":14,"minecraft:creeper":2,"minecraft:sheep":9,"minecraft:zombie":5,"minecraft:enderman":1,"minecraft:cow":5},"minecraft:picked_up":{"minecraft:crafting_table":8,"minecraft:iron_chestplate":1,"minecraft:chainmail_boots":3,"minecraft:chicken":13,"minecraft:wooden_pickaxe":1,"minecraft:string":2,"minecraft:acacia_door":16,"minecraft:spruce_planks":5,"minecraft:beef":11,"minecraft:iron_pickaxe":1,"minecraft:egg":10,"minecraft:furnace":6,"minecraft:stick":16,"minecraft:raw_iron":118,"minecraft:oak_fence":2,"minecraft:torch":49,"minecraft:acacia_log":7,"minecraft:porkchop":34,"minecraft:diorite":7,"minecraft:carrot":1,"minecraft:arrow":2,"minecraft:rotten_flesh":8,"minecraft:hay_block":19,"minecraft:armadillo_scute":1,"minecraft:mutton":20,"minecraft:rail":1,"minecraft:white_wool":19,"minecraft:cobblestone":226,"minecraft:feather":18,"minecraft:cooked_beef":8,"minecraft:water_bucket":1,"minecraft:andesite":31,"minecraft:leather":12,"minecraft:flint":4,"minecraft:oak_log":22,"minecraft:gunpowder":2,"minecraft:acacia_boat":2,"minecraft:blue_bed":1,"minecraft:lapis_lazuli":13,"minecraft:dirt":46,"minecraft:bone":3,"minecraft:acacia_planks":17,"minecraft:wheat_seeds":9,"minecraft:stone_pickaxe":1,"minecraft:grindstone":4,"minecraft:iron_ingot":27,"minecraft:cooked_chicken":6,"minecraft:fletching_table":2,"minecraft:oak_planks":5,"minecraft:cooked_porkchop":26,"minecraft:gravel":55,"minecraft:spruce_sapling":14,"minecraft:blast_furnace":8,"minecraft:white_bed":3,"minecraft:spruce_log":477,"minecraft:purple_bed":1,"minecraft:stone_axe":1,"minecraft:iron_helmet":1,"minecraft:granite":4,"minecraft:oak_sapling":2,"minecraft:acacia_slab":4,"minecraft:melon_seeds":1,"minecraft:coal":108},"minecraft:mined":{"minecraft:spruce_planks":5,"minecraft:white_bed":4,"minecraft:farmland":1,"minecraft:granite":6,"minecraft:acacia_log":8,"minecraft:grass_block":4,"minecraft:spruce_leaves":28,"minecraft:acacia_slab":3,"minecraft:hay_block":19,"minecraft:furnace":5,"minecraft:iron_ore":112,"minecraft:andesite":21,"minecraft:fletching_table":2,"minecraft:rail":1,"minecraft:stone":137,"minecraft:white_wool":5,"minecraft:acacia_leaves":1,"minecraft:oak_fence":2,"minecraft:crafting_table":7,"minecraft:torch":17,"minecraft:short_grass":29,"minecraft:blast_furnace":8,"minecraft:tall_grass":7,"minecraft:cobblestone":30,"minecraft:lapis_ore":2,"minecraft:grindstone":4,"minecraft:oak_planks":4,"minecraft:diorite":4,"minecraft:blue_bed":1,"minecraft:wall_torch":20,"minecraft:purple_bed":1,"minecraft:spruce_log":476,"minecraft:oak_log":22,"minecraft:coal_ore":92,"minecraft:dripstone_block":1,"minecraft:gravel":59,"minecraft:acacia_door":16,"minecraft:dirt":23,"minecraft:oak_leaves":5,"minecraft:fern":1}},"DataVersion":3955}