{"stats":{"minecraft:mined":{"minecraft:spruce_planks":29,"minecraft:white_bed":6,"minecraft:farmland":1,"minecraft:cobblestone_stairs":5,"minecraft:granite":15,"minecraft:acacia_log":8,"minecraft:grass_block":6,"minecraft:composter":7,"minecraft:fire":56,"minecraft:iron_ore":214,"minecraft:cobbled_deepslate":4,"minecraft:fletching_table":4,"minecraft:water_cauldron":3,"minecraft:oak_stairs":1,"minecraft:spruce_slab":2,"minecraft:deepslate_redstone_ore":6,"minecraft:kelp_plant":1,"minecraft:smoker":32,"minecraft:torch":64,"minecraft:blast_furnace":12,"minecraft:poppy":1,"minecraft:cobblestone":53,"minecraft:grindstone":6,"minecraft:sugar_cane":204,"minecraft:oak_planks":4,"minecraft:wall_torch":107,"minecraft:birch_log":7,"minecraft:wheat":7,"minecraft:oak_log":358,"minecraft:sand":28,"minecraft:dirt":38,"minecraft:smooth_basalt":2,"minecraft:stonecutter":1,"minecraft:oak_leaves":85,"minecraft:deepslate":335,"minecraft:tuff":22,"minecraft:deepslate_diamond_ore":32,"minecraft:sea_lantern":1,"minecraft:jungle_planks":1,"minecraft:spruce_leaves":96,"minecraft:acacia_slab":3,"minecraft:kelp":1,"minecraft:moss_block":5,"minecraft:sandstone":17,"minecraft:large_fern":5,"minecraft:hay_block":54,"minecraft:furnace":8,"minecraft:carrots":8,"minecraft:andesite":29,"minecraft:bookshelf":7,"minecraft:potatoes":1,"minecraft:deepslate_iron_ore":28,"minecraft:rail":1,"minecraft:bamboo":1,"minecraft:stone":399,"minecraft:white_wool":6,"minecraft:acacia_leaves":1,"minecraft:spruce_door":2,"minecraft:oak_fence":2,"minecraft:crafting_table":17,"minecraft:short_grass":39,"minecraft:lectern":6,"minecraft:tall_grass":8,"minecraft:lapis_ore":6,"minecraft:deepslate_gold_ore":50,"minecraft:diorite":11,"minecraft:blue_bed":2,"minecraft:spruce_stairs":7,"minecraft:purple_bed":4,"minecraft:cobblestone_wall":1,"minecraft:sweet_berry_bush":5,"minecraft:spruce_log":1148,"minecraft:coal_ore":427,"minecraft:cocoa":10,"minecraft:dripstone_block":1,"minecraft:gravel":62,"minecraft:acacia_door":16,"minecraft:gold_ore":9,"minecraft:fern":1},"minecraft:broken":{"minecraft:stone_axe":1,"minecraft:shield":2,"minecraft:iron_axe":10,"minecraft:iron_pickaxe":4},"minecraft:custom":{"minecraft:animals_bred":1,"minecraft:interact_with_crafting_table":84,"minecraft:bell_ring":10,"minecraft:leave_game":44,"minecraft:time_since_death":348468,"minecraft:sprint_one_cm":2359565,"minecraft:damage_blocked_by_shield":7885,"minecraft:drop":146,"minecraft:talked_to_villager":333,"minecraft:play_time":783049,"minecraft:deaths":3,"minecraft:jump":12340,"minecraft:walk_on_water_one_cm":125798,"minecraft:interact_with_furnace":113,"minecraft:traded_with_villager":505,"minecraft:sleep_in_bed":18,"minecraft:damage_dealt":38472,"minecraft:crouch_one_cm":215698,"minecraft:interact_with_smoker":3,"minecraft:horse_one_cm":71153,"minecraft:mob_kills":233,"minecraft:interact_with_anvil":4,"minecraft:climb_one_cm":8892,"minecraft:walk_one_cm":1557657,"minecraft:sneak_time":58733,"minecraft:walk_under_water_one_cm":143777,"minecraft:boat_one_cm":1274101,"minecraft:interact_with_blast_furnace":39,"minecraft:total_world_time":783049,"minecraft:interact_with_stonecutter":1,"minecraft:time_since_rest":137065,"minecraft:damage_taken":7261,"minecraft:swim_one_cm":309283,"minecraft:fly_one_cm":2050950,"minecraft:open_chest":357,"minecraft:fall_one_cm":250000},"minecraft:used":{"minecraft:spruce_slab":15,"minecraft:shield":148,"minecraft:iron_chestplate":2,"minecraft:carrot":5,"minecraft:lava_bucket":3,"minecraft:iron_helmet":2,"minecraft:furnace":7,"minecraft:egg":8,"minecraft:diorite":1,"minecraft:diamond_boots":1,"minecraft:spruce_door":7,"minecraft:stone_pickaxe":216,"minecraft:wooden_pickaxe":39,"minecraft:composter":3,"minecraft:sugar_cane":83,"minecraft:blue_bed":2,"minecraft:white_wool":8,"minecraft:blast_furnace":12,"minecraft:acacia_door":14,"minecraft:bread":57,"minecraft:lectern":7,"minecraft:gravel":56,"minecraft:grindstone":3,"minecraft:andesite":7,"minecraft:bone_meal":1,"minecraft:spruce_planks":20,"minecraft:cooked_chicken":13,"minecraft:torch":290,"minecraft:dirt":22,"minecraft:anvil":1,"minecraft:diamond_helmet":3,"minecraft:iron_hoe":34,"minecraft:bookshelf":7,"minecraft:iron_axe":2471,"minecraft:acacia_slab":9,"minecraft:iron_boots":1,"minecraft:diamond_chestplate":1,"minecraft:cooked_beef":15,"minecraft:cobbled_deepslate":93,"minecraft:wheat_seeds":11,"minecraft:cooked_mutton":12,"minecraft:acacia_boat":26,"minecraft:water_bucket":129,"minecraft:baked_potato":33,"minecraft:fletching_table":6,"minecraft:oak_slab":1,"minecraft:crafting_table":21,"minecraft:white_bed":2,"minecraft:spruce_log":43,"minecraft:smoker":32,"minecraft:oak_log":2,"minecraft:diamond_pickaxe":255,"minecraft:iron_pickaxe":1367,"minecraft:suspicious_stew":3,"minecraft:stone_axe":176,"minecraft:cobblestone":293,"minecraft:purple_bed":1,"minecraft:cooked_porkchop":29,"minecraft:bucket":135,"minecraft:diamond_leggings":1},"minecraft:dropped":{"minecraft:moss_block":4,"minecraft:crafting_table":2,"minecraft:lantern":5,"minecraft:leather":1,"minecraft:rail":1,"minecraft:cobblestone_stairs":3,"minecraft:flint":1,"minecraft:dirt":72,"minecraft:bone_meal":1,"minecraft:iron_pickaxe":1,"minecraft:gravel":1,"minecraft:cobbled_deepslate":14,"minecraft:birch_sapling":3,"minecraft:rotten_flesh":16,"minecraft:white_bed":1,"minecraft:chainmail_boots":3,"minecraft:arrow":1,"minecraft:beef":2,"minecraft:enchanted_book":10,"minecraft:iron_ingot":8,"minecraft:wheat_seeds":2,"minecraft:cobblestone":8,"minecraft:granite":2,"minecraft:spruce_stairs":4,"minecraft:stick":3,"minecraft:diorite":6,"minecraft:map":6,"minecraft:oak_stairs":1,"minecraft:iron_axe":2,"minecraft:chainmail_leggings":24,"minecraft:paper":1,"minecraft:string":6,"minecraft:acacia_planks":1,"minecraft:spruce_sapling":1,"minecraft:redstone":8,"minecraft:kelp":1,"minecraft:sweet_berries":18,"minecraft:cobblestone_wall":1,"minecraft:tuff":19,"minecraft:composter":1,"minecraft:iron_boots":16,"minecraft:name_tag":1,"minecraft:spruce_planks":44,"minecraft:iron_chestplate":3,"minecraft:diamond_pickaxe":1,"minecraft:andesite":11,"minecraft:oak_sapling":9,"minecraft:spider_eye":3,"minecraft:spruce_log":256,"minecraft:stone_pickaxe":1},"minecraft:picked_up":{"minecraft:iron_chestplate":4,"minecraft:wheat":8,"minecraft:chainmail_boots":3,"minecraft:suspicious_stew":1,"minecraft:oak_stairs":2,"minecraft:enchanted_book":10,"minecraft:string":11,"minecraft:raw_copper":2,"minecraft:diamond_leggings":1,"minecraft:cobbled_deepslate":243,"minecraft:spruce_planks":230,"minecraft:iron_pickaxe":3,"minecraft:iron_boots":10,"minecraft:furnace":9,"minecraft:stick":87,"minecraft:composter":8,"minecraft:oak_fence":5,"minecraft:torch":199,"minecraft:acacia_log":7,"minecraft:spruce_stairs":6,"minecraft:porkchop":36,"minecraft:diorite":12,"minecraft:cauldron":2,"minecraft:rotten_flesh":92,"minecraft:armadillo_scute":1,"minecraft:cobblestone":564,"minecraft:birch_log":7,"minecraft:feather":18,"minecraft:cooked_beef":8,"minecraft:water_bucket":2,"minecraft:andesite":33,"minecraft:smoker":32,"minecraft:potato":21,"minecraft:flint":5,"minecraft:tuff":19,"minecraft:acacia_boat":26,"minecraft:map":9,"minecraft:lapis_lazuli":77,"minecraft:dirt":180,"minecraft:lantern":1,"minecraft:name_tag":2,"minecraft:bone":44,"minecraft:acacia_planks":17,"minecraft:stonecutter":2,"minecraft:bow":2,"minecraft:wheat_seeds":22,"minecraft:raw_gold":110,"minecraft:grindstone":9,"minecraft:diamond_helmet":1,"minecraft:fletching_table":4,"minecraft:bamboo":10,"minecraft:moss_block":4,"minecraft:oak_planks":148,"minecraft:cooked_porkchop":35,"minecraft:sand":26,"minecraft:ink_sac":1,"minecraft:diamond":53,"minecraft:granite":6,"minecraft:bone_meal":1,"minecraft:bread":7,"minecraft:emerald":22,"minecraft:oak_sapling":36,"minecraft:cocoa_beans":16,"minecraft:crafting_table":19,"minecraft:azure_bluet":1,"minecraft:chicken":13,"minecraft:wooden_pickaxe":2,"minecraft:shield":1,"minecraft:iron_axe":2,"minecraft:acacia_door":16,"minecraft:beef":25,"minecraft:poppy":1,"minecraft:spruce_slab":2,"minecraft:lectern":7,"minecraft:sugar_cane":252,"minecraft:birch_sapling":3,"minecraft:spruce_trapdoor":2,"minecraft:egg":10,"minecraft:raw_iron":317,"minecraft:sandstone":17,"minecraft:carrot":19,"minecraft:redstone":17,"minecraft:prismarine_crystals":4,"minecraft:arrow":75,"minecraft:diamond_chestplate":1,"minecraft:diamond_boots":1,"minecraft:hay_block":54,"minecraft:saddle":1,"minecraft:mutton":20,"minecraft:white_wool":20,"minecraft:rail":6,"minecraft:leather":16,"minecraft:oak_log":359,"minecraft:gunpowder":38,"minecraft:cobblestone_wall":1,"minecraft:cobblestone_stairs":5,"minecraft:blue_bed":2,"minecraft:paper":2,"minecraft:coast_armor_trim_smithing_template":2,"minecraft:apple":35,"minecraft:kelp":2,"minecraft:iron_ingot":98,"minecraft:stone_pickaxe":1,"minecraft:cooked_chicken":6,"minecraft:music_disc_chirp":1,"minecraft:book":23,"minecraft:smooth_basalt":2,"minecraft:sweet_berries":13,"minecraft:gravel":57,"minecraft:spruce_sapling":32,"minecraft:blast_furnace":12,"minecraft:white_bed":5,"minecraft:spruce_log":1406,"minecraft:spruce_door":3,"minecraft:spider_eye":3,"minecraft:pumpkin_seeds":1,"minecraft:purple_bed":4,"minecraft:stone_axe":1,"minecraft:chainmail_leggings":17,"minecraft:iron_helmet":1,"minecraft:acacia_slab":4,"minecraft:melon_seeds":1,"minecraft:coal":869},"minecraft:crafted":{"minecraft:oak_planks":1372,"minecraft:chainmail_helmet":8,"minecraft:cooked_chicken":14,"minecraft:bookshelf":13,"minecraft:cooked_mutton":12,"minecraft:diamond_helmet":1,"minecraft:diamond_leggings":1,"minecraft:iron_boots":27,"minecraft:smoker":1,"minecraft:oak_slab":6,"minecraft:emerald":373,"minecraft:cooked_porkchop":26,"minecraft:map":6,"minecraft:crafting_table":8,"minecraft:spruce_planks":4412,"minecraft:acacia_slab":6,"minecraft:iron_helmet":2,"minecraft:wooden_pickaxe":2,"minecraft:baked_potato":33,"minecraft:spruce_door":6,"minecraft:fletching_table":2,"minecraft:birch_planks":28,"minecraft:campfire":1,"minecraft:lectern":1,"minecraft:diamond_pickaxe":2,"minecraft:iron_chestplate":2,"minecraft:book":3,"minecraft:paper":108,"minecraft:charcoal":2,"minecraft:shield":3,"minecraft:stick":11375,"minecraft:iron_ingot":184,"minecraft:compass":1,"minecraft:iron_pickaxe":6,"minecraft:iron_block":3,"minecraft:gold_ingot":54,"minecraft:furnace":3,"minecraft:bone_meal":12,"minecraft:lantern":15,"minecraft:iron_axe":12,"minecraft:iron_hoe":1,"minecraft:spruce_slab":24,"minecraft:stone_pickaxe":2,"minecraft:diamond_boots":1,"minecraft:filled_map":1,"minecraft:chainmail_leggings":28,"minecraft:wheat":9,"minecraft:cooked_beef":20,"minecraft:coal_block":21,"minecraft:bucket":3,"minecraft:stone_axe":2,"minecraft:enchanted_book":20,"minecraft:bread":30,"minecraft:acacia_boat":1,"minecraft:air":0,"minecraft:chainmail_boots":8,"minecraft:anvil":1,"minecraft:acacia_planks":24,"minecraft:torch":128,"minecraft:diamond_chestplate":1},"minecraft:killed_by":{"minecraft:creeper":1,"minecraft:skeleton":2},"minecraft:killed":{"minecraft:cave_spider":1,"minecraft:spider":12,"minecraft:skeleton":51,"minecraft:chicken":11,"minecraft:pig":15,"minecraft:zombie_villager":1,"minecraft:creeper":18,"minecraft:sheep":9,"minecraft:pillager":9,"minecraft:zombie":82,"minecraft:cow":11,"minecraft:bat":1,"minecraft:squid":1,"minecraft:enderman":2}},"DataVersion":3955}