{"stats":{"minecraft:mined":{"minecraft:tuff":21,"minecraft:spruce_planks":24,"minecraft:white_bed":5,"minecraft:farmland":1,"minecraft:deepslate_diamond_ore":29,"minecraft:granite":15,"minecraft:acacia_log":8,"minecraft:grass_block":6,"minecraft:jungle_planks":1,"minecraft:spruce_leaves":82,"minecraft:acacia_slab":3,"minecraft:sandstone":17,"minecraft:large_fern":4,"minecraft:hay_block":20,"minecraft:carrots":6,"minecraft:furnace":5,"minecraft:iron_ore":161,"minecraft:cobbled_deepslate":3,"minecraft:andesite":27,"minecraft:fletching_table":3,"minecraft:bookshelf":5,"minecraft:potatoes":1,"minecraft:water_cauldron":3,"minecraft:deepslate_iron_ore":19,"minecraft:rail":1,"minecraft:oak_stairs":1,"minecraft:stone":344,"minecraft:white_wool":6,"minecraft:deepslate_redstone_ore":3,"minecraft:acacia_leaves":1,"minecraft:oak_fence":2,"minecraft:crafting_table":15,"minecraft:torch":58,"minecraft:short_grass":34,"minecraft:blast_furnace":12,"minecraft:poppy":1,"minecraft:lectern":6,"minecraft:tall_grass":8,"minecraft:cobblestone":49,"minecraft:lapis_ore":2,"minecraft:deepslate_gold_ore":43,"minecraft:grindstone":6,"minecraft:sugar_cane":117,"minecraft:oak_planks":4,"minecraft:diorite":8,"minecraft:wall_torch":98,"minecraft:blue_bed":2,"minecraft:spruce_stairs":3,"minecraft:purple_bed":2,"minecraft:cobblestone_wall":1,"minecraft:birch_log":7,"minecraft:wheat":7,"minecraft:sweet_berry_bush":5,"minecraft:spruce_log":1052,"minecraft:oak_log":116,"minecraft:coal_ore":286,"minecraft:dripstone_block":1,"minecraft:acacia_door":16,"minecraft:gravel":60,"minecraft:sand":27,"minecraft:dirt":35,"minecraft:stonecutter":1,"minecraft:gold_ore":1,"minecraft:oak_leaves":31,"minecraft:deepslate":316,"minecraft:fern":1},"minecraft:broken":{"minecraft:iron_axe":7,"minecraft:stone_axe":1,"minecraft:iron_pickaxe":4},"minecraft:custom":{"minecraft:interact_with_anvil":2,"minecraft:mob_kills":166,"minecraft:animals_bred":1,"minecraft:interact_with_crafting_table":61,"minecraft:bell_ring":10,"minecraft:leave_game":41,"minecraft:time_since_death":97117,"minecraft:climb_one_cm":5050,"minecraft:sprint_one_cm":1640929,"minecraft:walk_one_cm":1058054,"minecraft:damage_blocked_by_shield":2512,"minecraft:drop":101,"minecraft:talked_to_villager":218,"minecraft:play_time":531698,"minecraft:deaths":3,"minecraft:sneak_time":44281,"minecraft:walk_under_water_one_cm":94390,"minecraft:boat_one_cm":380456,"minecraft:jump":7655,"minecraft:interact_with_blast_furnace":23,"minecraft:walk_on_water_one_cm":76066,"minecraft:total_world_time":531698,"minecraft:interact_with_furnace":86,"minecraft:traded_with_villager":404,"minecraft:interact_with_stonecutter":1,"minecraft:sleep_in_bed":13,"minecraft:time_since_rest":45392,"minecraft:damage_taken":4410,"minecraft:damage_dealt":27952,"minecraft:swim_one_cm":202370,"minecraft:fly_one_cm":1279667,"minecraft:open_chest":228,"minecraft:crouch_one_cm":154150,"minecraft:fall_one_cm":162931},"minecraft:used":{"minecraft:spruce_slab":8,"minecraft:spruce_planks":4,"minecraft:shield":66,"minecraft:cooked_chicken":13,"minecraft:iron_chestplate":2,"minecraft:torch":229,"minecraft:dirt":6,"minecraft:anvil":1,"minecraft:carrot":5,"minecraft:diamond_helmet":3,"minecraft:bookshelf":5,"minecraft:iron_axe":1752,"minecraft:acacia_slab":9,"minecraft:iron_helmet":2,"minecraft:iron_boots":1,"minecraft:diamond_chestplate":1,"minecraft:furnace":5,"minecraft:egg":8,"minecraft:cooked_beef":10,"minecraft:cobbled_deepslate":47,"minecraft:cooked_mutton":12,"minecraft:acacia_boat":10,"minecraft:water_bucket":61,"minecraft:diorite":1,"minecraft:diamond_boots":1,"minecraft:spruce_door":3,"minecraft:stone_pickaxe":216,"minecraft:sugar_cane":78,"minecraft:blue_bed":2,"minecraft:wooden_pickaxe":39,"minecraft:fletching_table":5,"minecraft:white_wool":8,"minecraft:oak_slab":1,"minecraft:crafting_table":17,"minecraft:blast_furnace":12,"minecraft:white_bed":2,"minecraft:spruce_log":24,"minecraft:acacia_door":14,"minecraft:bread":27,"minecraft:iron_pickaxe":1241,"minecraft:suspicious_stew":2,"minecraft:lectern":7,"minecraft:gravel":56,"minecraft:stone_axe":176,"minecraft:purple_bed":1,"minecraft:cobblestone":247,"minecraft:grindstone":3,"minecraft:cooked_porkchop":25,"minecraft:andesite":7,"minecraft:bucket":63,"minecraft:bone_meal":1,"minecraft:diamond_leggings":1},"minecraft:dropped":{"minecraft:wheat_seeds":1,"minecraft:crafting_table":2,"minecraft:cobblestone":8,"minecraft:lantern":3,"minecraft:granite":1,"minecraft:rail":1,"minecraft:stick":2,"minecraft:dirt":67,"minecraft:diorite":6,"minecraft:oak_stairs":1,"minecraft:iron_axe":2,"minecraft:iron_pickaxe":1,"minecraft:chainmail_leggings":24,"minecraft:paper":1,"minecraft:string":6,"minecraft:acacia_planks":1,"minecraft:sweet_berries":17,"minecraft:cobblestone_wall":1,"minecraft:cobbled_deepslate":14,"minecraft:tuff":18,"minecraft:rotten_flesh":14,"minecraft:iron_boots":16,"minecraft:white_bed":1,"minecraft:name_tag":1,"minecraft:spruce_planks":41,"minecraft:iron_chestplate":3,"minecraft:andesite":2,"minecraft:chainmail_boots":3,"minecraft:spider_eye":3,"minecraft:arrow":1,"minecraft:spruce_log":256,"minecraft:beef":2,"minecraft:stone_pickaxe":1},"minecraft:picked_up":{"minecraft:crafting_table":17,"minecraft:iron_chestplate":4,"minecraft:wheat":8,"minecraft:azure_bluet":1,"minecraft:chainmail_boots":3,"minecraft:chicken":13,"minecraft:suspicious_stew":1,"minecraft:wooden_pickaxe":2,"minecraft:oak_stairs":2,"minecraft:shield":1,"minecraft:string":11,"minecraft:acacia_door":16,"minecraft:iron_axe":2,"minecraft:diamond_leggings":1,"minecraft:cobbled_deepslate":223,"minecraft:spruce_planks":202,"minecraft:beef":17,"minecraft:iron_pickaxe":3,"minecraft:lectern":7,"minecraft:sugar_cane":134,"minecraft:birch_sapling":3,"minecraft:furnace":6,"minecraft:iron_boots":10,"minecraft:egg":10,"minecraft:stick":52,"minecraft:raw_iron":185,"minecraft:sandstone":17,"minecraft:oak_fence":2,"minecraft:torch":180,"minecraft:acacia_log":7,"minecraft:spruce_stairs":2,"minecraft:porkchop":34,"minecraft:diorite":9,"minecraft:carrot":17,"minecraft:cauldron":2,"minecraft:diamond_chestplate":1,"minecraft:arrow":51,"minecraft:rotten_flesh":62,"minecraft:diamond_boots":1,"minecraft:hay_block":20,"minecraft:armadillo_scute":1,"minecraft:saddle":1,"minecraft:mutton":20,"minecraft:rail":1,"minecraft:white_wool":20,"minecraft:cobblestone":506,"minecraft:birch_log":7,"minecraft:feather":18,"minecraft:cooked_beef":8,"minecraft:water_bucket":2,"minecraft:andesite":33,"minecraft:leather":15,"minecraft:potato":21,"minecraft:map":3,"minecraft:flint":4,"minecraft:paper":2,"minecraft:tuff":18,"minecraft:oak_log":117,"minecraft:cobblestone_wall":1,"minecraft:gunpowder":34,"minecraft:acacia_boat":10,"minecraft:lapis_lazuli":13,"minecraft:dirt":124,"minecraft:blue_bed":2,"minecraft:name_tag":2,"minecraft:coast_armor_trim_smithing_template":2,"minecraft:bone":20,"minecraft:acacia_planks":17,"minecraft:apple":28,"minecraft:stonecutter":2,"minecraft:wheat_seeds":21,"minecraft:raw_gold":88,"minecraft:grindstone":9,"minecraft:iron_ingot":86,"minecraft:stone_pickaxe":1,"minecraft:cooked_chicken":6,"minecraft:diamond_helmet":1,"minecraft:fletching_table":3,"minecraft:oak_planks":53,"minecraft:book":17,"minecraft:cooked_porkchop":35,"minecraft:sweet_berries":13,"minecraft:gravel":56,"minecraft:sand":26,"minecraft:spruce_sapling":30,"minecraft:blast_furnace":12,"minecraft:white_bed":4,"minecraft:spruce_log":1310,"minecraft:spruce_door":1,"minecraft:spider_eye":3,"minecraft:purple_bed":2,"minecraft:diamond":47,"minecraft:stone_axe":1,"minecraft:chainmail_leggings":17,"minecraft:iron_helmet":1,"minecraft:granite":5,"minecraft:emerald":17,"minecraft:bread":7,"minecraft:oak_sapling":11,"minecraft:acacia_slab":4,"minecraft:melon_seeds":1,"minecraft:coal":482},"minecraft:crafted":{"minecraft:oak_planks":416,"minecraft:chainmail_helmet":8,"minecraft:cooked_chicken":14,"minecraft:furnace":2,"minecraft:bone_meal":12,"minecraft:bookshelf":13,"minecraft:cooked_mutton":12,"minecraft:lantern":13,"minecraft:diamond_helmet":1,"minecraft:diamond_leggings":1,"minecraft:iron_boots":27,"minecraft:iron_axe":9,"minecraft:spruce_slab":12,"minecraft:stone_pickaxe":2,"minecraft:diamond_boots":1,"minecraft:chainmail_leggings":28,"minecraft:wheat":9,"minecraft:cooked_beef":10,"minecraft:oak_slab":6,"minecraft:emerald":296,"minecraft:baked_potato":20,"minecraft:cooked_porkchop":24,"minecraft:crafting_table":5,"minecraft:spruce_planks":4140,"minecraft:acacia_slab":6,"minecraft:iron_helmet":2,"minecraft:wooden_pickaxe":2,"minecraft:spruce_door":3,"minecraft:birch_planks":28,"minecraft:fletching_table":2,"minecraft:bucket":2,"minecraft:stone_axe":2,"minecraft:enchanted_book":10,"minecraft:acacia_boat":1,"minecraft:air":0,"minecraft:diamond_pickaxe":1,"minecraft:lectern":1,"minecraft:book":3,"minecraft:iron_chestplate":2,"minecraft:paper":54,"minecraft:shield":1,"minecraft:stick":9067,"minecraft:iron_ingot":96,"minecraft:chainmail_boots":8,"minecraft:iron_pickaxe":6,"minecraft:iron_block":3,"minecraft:gold_ingot":44,"minecraft:anvil":1,"minecraft:acacia_planks":24,"minecraft:torch":48,"minecraft:diamond_chestplate":1},"minecraft:killed_by":{"minecraft:creeper":1,"minecraft:skeleton":2},"minecraft:killed":{"minecraft:cave_spider":1,"minecraft:spider":11,"minecraft:skeleton":24,"minecraft:chicken":11,"minecraft:pig":14,"minecraft:zombie_villager":1,"minecraft:bat":1,"minecraft:creeper":13,"minecraft:sheep":9,"minecraft:pillager":9,"minecraft:zombie":59,"minecraft:enderman":1,"minecraft:cow":8}},"DataVersion":3955}