{"stats":{"minecraft:mined":{"minecraft:spruce_planks":24,"minecraft:white_bed":5,"minecraft:farmland":1,"minecraft:granite":15,"minecraft:acacia_log":8,"minecraft:grass_block":6,"minecraft:iron_ore":169,"minecraft:cobbled_deepslate":3,"minecraft:fletching_table":4,"minecraft:water_cauldron":3,"minecraft:oak_stairs":1,"minecraft:deepslate_redstone_ore":6,"minecraft:torch":60,"minecraft:blast_furnace":12,"minecraft:poppy":1,"minecraft:cobblestone":49,"minecraft:grindstone":6,"minecraft:sugar_cane":187,"minecraft:oak_planks":4,"minecraft:wall_torch":105,"minecraft:birch_log":7,"minecraft:wheat":7,"minecraft:oak_log":357,"minecraft:sand":27,"minecraft:dirt":38,"minecraft:smooth_basalt":2,"minecraft:stonecutter":1,"minecraft:oak_leaves":85,"minecraft:deepslate":331,"minecraft:tuff":22,"minecraft:deepslate_diamond_ore":31,"minecraft:jungle_planks":1,"minecraft:spruce_leaves":96,"minecraft:acacia_slab":3,"minecraft:kelp":1,"minecraft:sandstone":17,"minecraft:large_fern":5,"minecraft:hay_block":20,"minecraft:furnace":5,"minecraft:carrots":8,"minecraft:andesite":28,"minecraft:bookshelf":7,"minecraft:potatoes":1,"minecraft:deepslate_iron_ore":24,"minecraft:rail":1,"minecraft:stone":354,"minecraft:white_wool":6,"minecraft:acacia_leaves":1,"minecraft:oak_fence":2,"minecraft:crafting_table":16,"minecraft:short_grass":34,"minecraft:lectern":6,"minecraft:tall_grass":8,"minecraft:lapis_ore":2,"minecraft:deepslate_gold_ore":46,"minecraft:diorite":11,"minecraft:blue_bed":2,"minecraft:spruce_stairs":3,"minecraft:purple_bed":2,"minecraft:cobblestone_wall":1,"minecraft:sweet_berry_bush":5,"minecraft:spruce_log":1134,"minecraft:coal_ore":317,"minecraft:dripstone_block":1,"minecraft:acacia_door":16,"minecraft:gravel":60,"minecraft:gold_ore":8,"minecraft:fern":1},"minecraft:broken":{"minecraft:stone_axe":1,"minecraft:shield":1,"minecraft:iron_axe":9,"minecraft:iron_pickaxe":4},"minecraft:custom":{"minecraft:animals_bred":1,"minecraft:interact_with_crafting_table":72,"minecraft:bell_ring":10,"minecraft:leave_game":42,"minecraft:time_since_death":181459,"minecraft:sprint_one_cm":1889465,"minecraft:damage_blocked_by_shield":4720,"minecraft:drop":130,"minecraft:talked_to_villager":274,"minecraft:play_time":616040,"minecraft:deaths":3,"minecraft:jump":9510,"minecraft:walk_on_water_one_cm":84079,"minecraft:interact_with_furnace":88,"minecraft:traded_with_villager":500,"minecraft:sleep_in_bed":17,"minecraft:damage_dealt":30812,"minecraft:crouch_one_cm":178210,"minecraft:mob_kills":186,"minecraft:interact_with_anvil":2,"minecraft:climb_one_cm":5050,"minecraft:walk_one_cm":1212255,"minecraft:sneak_time":49699,"minecraft:walk_under_water_one_cm":101424,"minecraft:boat_one_cm":502849,"minecraft:interact_with_blast_furnace":32,"minecraft:total_world_time":616040,"minecraft:interact_with_stonecutter":1,"minecraft:time_since_rest":31681,"minecraft:damage_taken":5055,"minecraft:swim_one_cm":224221,"minecraft:fly_one_cm":1476424,"minecraft:open_chest":284,"minecraft:fall_one_cm":180706},"minecraft:used":{"minecraft:spruce_slab":9,"minecraft:shield":92,"minecraft:iron_chestplate":2,"minecraft:carrot":5,"minecraft:iron_helmet":2,"minecraft:furnace":5,"minecraft:egg":8,"minecraft:diorite":1,"minecraft:diamond_boots":1,"minecraft:spruce_door":3,"minecraft:stone_pickaxe":216,"minecraft:wooden_pickaxe":39,"minecraft:blue_bed":2,"minecraft:sugar_cane":83,"minecraft:white_wool":8,"minecraft:blast_furnace":12,"minecraft:acacia_door":14,"minecraft:bread":29,"minecraft:lectern":7,"minecraft:gravel":56,"minecraft:grindstone":3,"minecraft:andesite":7,"minecraft:bone_meal":1,"minecraft:spruce_planks":4,"minecraft:cooked_chicken":13,"minecraft:torch":265,"minecraft:dirt":22,"minecraft:anvil":1,"minecraft:diamond_helmet":3,"minecraft:bookshelf":7,"minecraft:iron_axe":2234,"minecraft:acacia_slab":9,"minecraft:iron_boots":1,"minecraft:diamond_chestplate":1,"minecraft:cooked_beef":10,"minecraft:cobbled_deepslate":58,"minecraft:wheat_seeds":11,"minecraft:cooked_mutton":12,"minecraft:acacia_boat":11,"minecraft:water_bucket":74,"minecraft:baked_potato":15,"minecraft:fletching_table":6,"minecraft:oak_slab":1,"minecraft:crafting_table":18,"minecraft:white_bed":2,"minecraft:spruce_log":24,"minecraft:oak_log":2,"minecraft:diamond_pickaxe":37,"minecraft:suspicious_stew":3,"minecraft:iron_pickaxe":1308,"minecraft:stone_axe":176,"minecraft:cobblestone":247,"minecraft:purple_bed":1,"minecraft:cooked_porkchop":27,"minecraft:bucket":76,"minecraft:diamond_leggings":1},"minecraft:dropped":{"minecraft:crafting_table":2,"minecraft:lantern":5,"minecraft:rail":1,"minecraft:dirt":70,"minecraft:iron_pickaxe":1,"minecraft:cobbled_deepslate":14,"minecraft:birch_sapling":3,"minecraft:rotten_flesh":16,"minecraft:white_bed":1,"minecraft:chainmail_boots":3,"minecraft:arrow":1,"minecraft:beef":2,"minecraft:enchanted_book":10,"minecraft:iron_ingot":8,"minecraft:wheat_seeds":2,"minecraft:cobblestone":8,"minecraft:granite":1,"minecraft:stick":2,"minecraft:diorite":6,"minecraft:map":6,"minecraft:oak_stairs":1,"minecraft:iron_axe":2,"minecraft:chainmail_leggings":24,"minecraft:paper":1,"minecraft:string":6,"minecraft:acacia_planks":1,"minecraft:redstone":8,"minecraft:kelp":1,"minecraft:sweet_berries":17,"minecraft:cobblestone_wall":1,"minecraft:tuff":19,"minecraft:iron_boots":16,"minecraft:name_tag":1,"minecraft:spruce_planks":42,"minecraft:iron_chestplate":3,"minecraft:diamond_pickaxe":1,"minecraft:andesite":2,"minecraft:oak_sapling":9,"minecraft:spider_eye":3,"minecraft:spruce_log":256,"minecraft:stone_pickaxe":1},"minecraft:picked_up":{"minecraft:iron_chestplate":4,"minecraft:wheat":8,"minecraft:chainmail_boots":3,"minecraft:suspicious_stew":1,"minecraft:oak_stairs":2,"minecraft:enchanted_book":10,"minecraft:string":11,"minecraft:raw_copper":2,"minecraft:diamond_leggings":1,"minecraft:cobbled_deepslate":238,"minecraft:spruce_planks":223,"minecraft:iron_pickaxe":3,"minecraft:iron_boots":10,"minecraft:furnace":6,"minecraft:stick":87,"minecraft:oak_fence":5,"minecraft:torch":192,"minecraft:acacia_log":7,"minecraft:spruce_stairs":2,"minecraft:porkchop":34,"minecraft:diorite":12,"minecraft:cauldron":2,"minecraft:rotten_flesh":70,"minecraft:armadillo_scute":1,"minecraft:cobblestone":518,"minecraft:birch_log":7,"minecraft:feather":18,"minecraft:cooked_beef":8,"minecraft:water_bucket":2,"minecraft:andesite":33,"minecraft:potato":21,"minecraft:flint":4,"minecraft:tuff":19,"minecraft:acacia_boat":11,"minecraft:lapis_lazuli":13,"minecraft:map":9,"minecraft:dirt":178,"minecraft:lantern":1,"minecraft:name_tag":2,"minecraft:bone":24,"minecraft:acacia_planks":17,"minecraft:stonecutter":2,"minecraft:bow":2,"minecraft:wheat_seeds":22,"minecraft:raw_gold":98,"minecraft:grindstone":9,"minecraft:diamond_helmet":1,"minecraft:fletching_table":4,"minecraft:oak_planks":148,"minecraft:cooked_porkchop":35,"minecraft:sand":26,"minecraft:ink_sac":1,"minecraft:diamond":49,"minecraft:granite":5,"minecraft:bread":7,"minecraft:emerald":22,"minecraft:oak_sapling":36,"minecraft:crafting_table":18,"minecraft:azure_bluet":1,"minecraft:chicken":13,"minecraft:wooden_pickaxe":2,"minecraft:shield":1,"minecraft:acacia_door":16,"minecraft:iron_axe":2,"minecraft:beef":17,"minecraft:poppy":1,"minecraft:lectern":7,"minecraft:sugar_cane":234,"minecraft:birch_sapling":3,"minecraft:spruce_trapdoor":2,"minecraft:egg":10,"minecraft:raw_iron":203,"minecraft:sandstone":17,"minecraft:carrot":19,"minecraft:redstone":17,"minecraft:arrow":56,"minecraft:diamond_chestplate":1,"minecraft:diamond_boots":1,"minecraft:hay_block":20,"minecraft:saddle":1,"minecraft:mutton":20,"minecraft:white_wool":20,"minecraft:rail":6,"minecraft:leather":15,"minecraft:oak_log":358,"minecraft:gunpowder":34,"minecraft:cobblestone_wall":1,"minecraft:blue_bed":2,"minecraft:paper":2,"minecraft:coast_armor_trim_smithing_template":2,"minecraft:apple":35,"minecraft:kelp":1,"minecraft:stone_pickaxe":1,"minecraft:iron_ingot":98,"minecraft:cooked_chicken":6,"minecraft:book":23,"minecraft:smooth_basalt":2,"minecraft:sweet_berries":13,"minecraft:gravel":56,"minecraft:spruce_sapling":32,"minecraft:blast_furnace":12,"minecraft:white_bed":4,"minecraft:spruce_log":1392,"minecraft:spruce_door":1,"minecraft:spider_eye":3,"minecraft:purple_bed":2,"minecraft:stone_axe":1,"minecraft:chainmail_leggings":17,"minecraft:iron_helmet":1,"minecraft:acacia_slab":4,"minecraft:melon_seeds":1,"minecraft:coal":540},"minecraft:crafted":{"minecraft:oak_planks":1372,"minecraft:chainmail_helmet":8,"minecraft:cooked_chicken":14,"minecraft:bookshelf":13,"minecraft:cooked_mutton":12,"minecraft:diamond_helmet":1,"minecraft:diamond_leggings":1,"minecraft:iron_boots":27,"minecraft:oak_slab":6,"minecraft:emerald":373,"minecraft:cooked_porkchop":24,"minecraft:map":6,"minecraft:crafting_table":6,"minecraft:spruce_planks":4348,"minecraft:acacia_slab":6,"minecraft:iron_helmet":2,"minecraft:wooden_pickaxe":2,"minecraft:baked_potato":20,"minecraft:spruce_door":3,"minecraft:fletching_table":2,"minecraft:birch_planks":28,"minecraft:lectern":1,"minecraft:iron_chestplate":2,"minecraft:book":3,"minecraft:paper":108,"minecraft:diamond_pickaxe":1,"minecraft:shield":2,"minecraft:stick":11359,"minecraft:iron_ingot":149,"minecraft:compass":1,"minecraft:iron_pickaxe":6,"minecraft:iron_block":3,"minecraft:gold_ingot":54,"minecraft:furnace":2,"minecraft:bone_meal":12,"minecraft:lantern":15,"minecraft:iron_axe":11,"minecraft:spruce_slab":18,"minecraft:stone_pickaxe":2,"minecraft:diamond_boots":1,"minecraft:filled_map":1,"minecraft:chainmail_leggings":28,"minecraft:wheat":9,"minecraft:cooked_beef":10,"minecraft:bucket":3,"minecraft:stone_axe":2,"minecraft:enchanted_book":20,"minecraft:acacia_boat":1,"minecraft:air":0,"minecraft:chainmail_boots":8,"minecraft:anvil":1,"minecraft:acacia_planks":24,"minecraft:torch":72,"minecraft:diamond_chestplate":1},"minecraft:killed_by":{"minecraft:creeper":1,"minecraft:skeleton":2},"minecraft:killed":{"minecraft:cave_spider":1,"minecraft:spider":12,"minecraft:skeleton":33,"minecraft:chicken":11,"minecraft:pig":14,"minecraft:zombie_villager":1,"minecraft:creeper":14,"minecraft:sheep":9,"minecraft:pillager":9,"minecraft:zombie":65,"minecraft:cow":8,"minecraft:bat":1,"minecraft:squid":1,"minecraft:enderman":1}},"DataVersion":3955}