{"stats":{"minecraft:dropped":{"minecraft:cobblestone":8,"minecraft:rail":1,"minecraft:diorite":4,"minecraft:iron_pickaxe":1,"minecraft:chainmail_leggings":12,"minecraft:acacia_planks":1,"minecraft:sweet_berries":4,"minecraft:cobblestone_wall":1,"minecraft:iron_boots":5,"minecraft:chainmail_boots":3},"minecraft:picked_up":{"minecraft:crafting_table":11,"minecraft:iron_chestplate":1,"minecraft:chainmail_boots":3,"minecraft:chicken":13,"minecraft:wooden_pickaxe":1,"minecraft:string":3,"minecraft:acacia_door":16,"minecraft:cobbled_deepslate":75,"minecraft:spruce_planks":7,"minecraft:beef":11,"minecraft:iron_pickaxe":2,"minecraft:sugar_cane":34,"minecraft:furnace":6,"minecraft:iron_boots":5,"minecraft:egg":10,"minecraft:stick":16,"minecraft:raw_iron":185,"minecraft:oak_fence":2,"minecraft:torch":102,"minecraft:acacia_log":7,"minecraft:spruce_stairs":2,"minecraft:porkchop":34,"minecraft:diorite":7,"minecraft:carrot":1,"minecraft:arrow":10,"minecraft:rotten_flesh":31,"minecraft:hay_block":19,"minecraft:armadillo_scute":1,"minecraft:mutton":20,"minecraft:rail":1,"minecraft:white_wool":20,"minecraft:cobblestone":276,"minecraft:feather":18,"minecraft:cooked_beef":8,"minecraft:water_bucket":1,"minecraft:andesite":31,"minecraft:leather":12,"minecraft:flint":4,"minecraft:tuff":3,"minecraft:oak_log":22,"minecraft:cobblestone_wall":1,"minecraft:gunpowder":6,"minecraft:acacia_boat":3,"minecraft:lapis_lazuli":13,"minecraft:dirt":48,"minecraft:blue_bed":2,"minecraft:bone":3,"minecraft:acacia_planks":17,"minecraft:wheat_seeds":9,"minecraft:raw_gold":34,"minecraft:stone_pickaxe":1,"minecraft:grindstone":4,"minecraft:iron_ingot":27,"minecraft:cooked_chicken":6,"minecraft:fletching_table":2,"minecraft:oak_planks":5,"minecraft:cooked_porkchop":26,"minecraft:gravel":55,"minecraft:spruce_sapling":14,"minecraft:blast_furnace":12,"minecraft:white_bed":3,"minecraft:spruce_log":521,"minecraft:spider_eye":1,"minecraft:purple_bed":1,"minecraft:diamond":6,"minecraft:stone_axe":1,"minecraft:chainmail_leggings":12,"minecraft:iron_helmet":1,"minecraft:granite":4,"minecraft:oak_sapling":2,"minecraft:acacia_slab":4,"minecraft:melon_seeds":1,"minecraft:coal":191},"minecraft:broken":{"minecraft:iron_axe":2,"minecraft:stone_axe":1,"minecraft:iron_pickaxe":1},"minecraft:used":{"minecraft:spruce_planks":2,"minecraft:cooked_chicken":7,"minecraft:iron_chestplate":2,"minecraft:torch":137,"minecraft:dirt":6,"minecraft:iron_axe":713,"minecraft:acacia_slab":9,"minecraft:iron_helmet":1,"minecraft:iron_boots":1,"minecraft:furnace":5,"minecraft:egg":8,"minecraft:cooked_beef":10,"minecraft:cobbled_deepslate":42,"minecraft:cooked_mutton":3,"minecraft:acacia_boat":4,"minecraft:water_bucket":24,"minecraft:diorite":1,"minecraft:diamond_boots":1,"minecraft:stone_pickaxe":216,"minecraft:wooden_pickaxe":39,"minecraft:blue_bed":2,"minecraft:fletching_table":4,"minecraft:white_wool":8,"minecraft:oak_slab":1,"minecraft:crafting_table":10,"minecraft:blast_furnace":12,"minecraft:white_bed":2,"minecraft:spruce_log":1,"minecraft:acacia_door":14,"minecraft:bread":10,"minecraft:iron_pickaxe":477,"minecraft:gravel":46,"minecraft:stone_axe":176,"minecraft:cobblestone":164,"minecraft:cooked_porkchop":18,"minecraft:andesite":7,"minecraft:bucket":26,"minecraft:diamond_leggings":1},"minecraft:crafted":{"minecraft:oak_planks":36,"minecraft:chainmail_helmet":8,"minecraft:cooked_chicken":8,"minecraft:furnace":2,"minecraft:cooked_mutton":3,"minecraft:diamond_leggings":1,"minecraft:iron_boots":17,"minecraft:iron_axe":4,"minecraft:stone_pickaxe":2,"minecraft:diamond_boots":1,"minecraft:chainmail_leggings":16,"minecraft:cooked_beef":10,"minecraft:oak_slab":6,"minecraft:emerald":129,"minecraft:cooked_porkchop":15,"minecraft:crafting_table":3,"minecraft:spruce_planks":2092,"minecraft:acacia_slab":6,"minecraft:iron_helmet":2,"minecraft:wooden_pickaxe":2,"minecraft:spruce_door":3,"minecraft:fletching_table":2,"minecraft:bucket":2,"minecraft:stone_axe":2,"minecraft:acacia_boat":1,"minecraft:air":0,"minecraft:iron_chestplate":2,"minecraft:shield":1,"minecraft:stick":4180,"minecraft:iron_pickaxe":3,"minecraft:iron_ingot":85,"minecraft:chainmail_boots":8,"minecraft:gold_ingot":17,"minecraft:acacia_planks":24,"minecraft:torch":24},"minecraft:mined":{"minecraft:spruce_planks":5,"minecraft:white_bed":4,"minecraft:farmland":1,"minecraft:deepslate_diamond_ore":6,"minecraft:granite":6,"minecraft:acacia_log":8,"minecraft:grass_block":4,"minecraft:spruce_leaves":30,"minecraft:acacia_slab":3,"minecraft:hay_block":19,"minecraft:furnace":5,"minecraft:iron_ore":161,"minecraft:andesite":25,"minecraft:fletching_table":2,"minecraft:deepslate_iron_ore":19,"minecraft:rail":1,"minecraft:stone":179,"minecraft:white_wool":6,"minecraft:acacia_leaves":1,"minecraft:oak_fence":2,"minecraft:crafting_table":10,"minecraft:torch":34,"minecraft:short_grass":29,"minecraft:blast_furnace":12,"minecraft:tall_grass":7,"minecraft:cobblestone":30,"minecraft:sugar_cane":17,"minecraft:lapis_ore":2,"minecraft:deepslate_gold_ore":17,"minecraft:grindstone":4,"minecraft:oak_planks":4,"minecraft:diorite":4,"minecraft:blue_bed":2,"minecraft:wall_torch":55,"minecraft:spruce_stairs":2,"minecraft:purple_bed":1,"minecraft:cobblestone_wall":1,"minecraft:spruce_log":520,"minecraft:oak_log":22,"minecraft:coal_ore":135,"minecraft:dripstone_block":1,"minecraft:gravel":59,"minecraft:acacia_door":16,"minecraft:dirt":25,"minecraft:oak_leaves":5,"minecraft:deepslate":66,"minecraft:fern":1},"minecraft:custom":{"minecraft:mob_kills":89,"minecraft:interact_with_crafting_table":41,"minecraft:bell_ring":10,"minecraft:leave_game":28,"minecraft:time_since_death":181215,"minecraft:climb_one_cm":1003,"minecraft:sprint_one_cm":988414,"minecraft:walk_one_cm":613126,"minecraft:drop":28,"minecraft:talked_to_villager":121,"minecraft:play_time":286694,"minecraft:deaths":2,"minecraft:sneak_time":25284,"minecraft:walk_under_water_one_cm":58757,"minecraft:boat_one_cm":125982,"minecraft:jump":4128,"minecraft:interact_with_blast_furnace":7,"minecraft:walk_on_water_one_cm":47400,"minecraft:total_world_time":286694,"minecraft:interact_with_furnace":66,"minecraft:traded_with_villager":180,"minecraft:sleep_in_bed":7,"minecraft:time_since_rest":9894,"minecraft:damage_taken":2541,"minecraft:damage_dealt":13057,"minecraft:swim_one_cm":167585,"minecraft:fly_one_cm":679912,"minecraft:open_chest":79,"minecraft:crouch_one_cm":86106,"minecraft:fall_one_cm":91934},"minecraft:killed_by":{"minecraft:skeleton":2},"minecraft:killed":{"minecraft:cave_spider":1,"minecraft:spider":4,"minecraft:skeleton":6,"minecraft:chicken":11,"minecraft:pig":14,"minecraft:bat":1,"minecraft:creeper":5,"minecraft:sheep":9,"minecraft:pillager":9,"minecraft:zombie":21,"minecraft:cow":5,"minecraft:enderman":1}},"DataVersion":3955}