{"stats":{"minecraft:mined":{"minecraft:spruce_planks":5,"minecraft:white_bed":4,"minecraft:farmland":1,"minecraft:deepslate_diamond_ore":6,"minecraft:granite":6,"minecraft:acacia_log":8,"minecraft:grass_block":4,"minecraft:spruce_leaves":30,"minecraft:acacia_slab":3,"minecraft:hay_block":19,"minecraft:furnace":5,"minecraft:iron_ore":161,"minecraft:andesite":25,"minecraft:fletching_table":2,"minecraft:deepslate_iron_ore":19,"minecraft:rail":1,"minecraft:stone":179,"minecraft:white_wool":6,"minecraft:acacia_leaves":1,"minecraft:oak_fence":2,"minecraft:crafting_table":9,"minecraft:torch":31,"minecraft:short_grass":29,"minecraft:blast_furnace":12,"minecraft:tall_grass":7,"minecraft:cobblestone":30,"minecraft:deepslate_gold_ore":17,"minecraft:lapis_ore":2,"minecraft:grindstone":4,"minecraft:oak_planks":4,"minecraft:diorite":4,"minecraft:blue_bed":1,"minecraft:wall_torch":55,"minecraft:spruce_stairs":2,"minecraft:purple_bed":1,"minecraft:cobblestone_wall":1,"minecraft:spruce_log":520,"minecraft:oak_log":22,"minecraft:coal_ore":135,"minecraft:dripstone_block":1,"minecraft:gravel":59,"minecraft:acacia_door":16,"minecraft:dirt":25,"minecraft:deepslate":66,"minecraft:oak_leaves":5,"minecraft:fern":1},"minecraft:broken":{"minecraft:iron_axe":2,"minecraft:stone_axe":1,"minecraft:iron_pickaxe":1},"minecraft:custom":{"minecraft:mob_kills":78,"minecraft:interact_with_crafting_table":40,"minecraft:bell_ring":8,"minecraft:leave_game":4,"minecraft:time_since_death":153437,"minecraft:climb_one_cm":626,"minecraft:sprint_one_cm":877299,"minecraft:walk_one_cm":558728,"minecraft:drop":18,"minecraft:talked_to_villager":106,"minecraft:play_time":258916,"minecraft:deaths":2,"minecraft:sneak_time":24528,"minecraft:walk_under_water_one_cm":57125,"minecraft:boat_one_cm":45222,"minecraft:jump":3677,"minecraft:interact_with_blast_furnace":6,"minecraft:walk_on_water_one_cm":45191,"minecraft:total_world_time":258916,"minecraft:interact_with_furnace":65,"minecraft:traded_with_villager":158,"minecraft:sleep_in_bed":6,"minecraft:time_since_rest":77454,"minecraft:damage_taken":2347,"minecraft:damage_dealt":10167,"minecraft:swim_one_cm":151724,"minecraft:fly_one_cm":588283,"minecraft:open_chest":58,"minecraft:crouch_one_cm":81227,"minecraft:fall_one_cm":80985},"minecraft:used":{"minecraft:spruce_planks":2,"minecraft:cooked_chicken":7,"minecraft:iron_chestplate":2,"minecraft:torch":130,"minecraft:dirt":6,"minecraft:iron_axe":665,"minecraft:acacia_slab":8,"minecraft:iron_helmet":1,"minecraft:iron_boots":1,"minecraft:furnace":5,"minecraft:egg":8,"minecraft:cooked_beef":10,"minecraft:cobbled_deepslate":16,"minecraft:cooked_mutton":3,"minecraft:acacia_boat":2,"minecraft:water_bucket":22,"minecraft:diorite":1,"minecraft:diamond_boots":1,"minecraft:stone_pickaxe":216,"minecraft:wooden_pickaxe":39,"minecraft:blue_bed":1,"minecraft:fletching_table":4,"minecraft:white_wool":8,"minecraft:oak_slab":1,"minecraft:crafting_table":9,"minecraft:blast_furnace":12,"minecraft:white_bed":2,"minecraft:spruce_log":1,"minecraft:acacia_door":14,"minecraft:bread":3,"minecraft:iron_pickaxe":476,"minecraft:gravel":46,"minecraft:stone_axe":176,"minecraft:cobblestone":164,"minecraft:cooked_porkchop":18,"minecraft:andesite":7,"minecraft:bucket":24,"minecraft:diamond_leggings":1},"minecraft:dropped":{"minecraft:cobblestone":8,"minecraft:rail":1,"minecraft:diorite":4,"minecraft:iron_pickaxe":1,"minecraft:chainmail_leggings":2,"minecraft:acacia_planks":1,"minecraft:sweet_berries":4,"minecraft:cobblestone_wall":1,"minecraft:iron_boots":5,"minecraft:chainmail_boots":3},"minecraft:picked_up":{"minecraft:crafting_table":10,"minecraft:iron_chestplate":1,"minecraft:chainmail_boots":3,"minecraft:chicken":13,"minecraft:wooden_pickaxe":1,"minecraft:string":3,"minecraft:acacia_door":16,"minecraft:cobbled_deepslate":75,"minecraft:spruce_planks":7,"minecraft:beef":11,"minecraft:iron_pickaxe":2,"minecraft:iron_boots":5,"minecraft:egg":10,"minecraft:furnace":6,"minecraft:stick":16,"minecraft:raw_iron":185,"minecraft:oak_fence":2,"minecraft:torch":98,"minecraft:acacia_log":7,"minecraft:spruce_stairs":2,"minecraft:porkchop":34,"minecraft:diorite":7,"minecraft:carrot":1,"minecraft:arrow":10,"minecraft:rotten_flesh":30,"minecraft:hay_block":19,"minecraft:armadillo_scute":1,"minecraft:mutton":20,"minecraft:rail":1,"minecraft:white_wool":20,"minecraft:cobblestone":276,"minecraft:feather":18,"minecraft:cooked_beef":8,"minecraft:water_bucket":1,"minecraft:andesite":31,"minecraft:leather":12,"minecraft:flint":4,"minecraft:tuff":3,"minecraft:oak_log":22,"minecraft:cobblestone_wall":1,"minecraft:gunpowder":6,"minecraft:acacia_boat":2,"minecraft:blue_bed":1,"minecraft:lapis_lazuli":13,"minecraft:dirt":48,"minecraft:bone":3,"minecraft:acacia_planks":17,"minecraft:wheat_seeds":9,"minecraft:raw_gold":34,"minecraft:stone_pickaxe":1,"minecraft:grindstone":4,"minecraft:iron_ingot":27,"minecraft:cooked_chicken":6,"minecraft:fletching_table":2,"minecraft:oak_planks":5,"minecraft:cooked_porkchop":26,"minecraft:gravel":55,"minecraft:spruce_sapling":14,"minecraft:blast_furnace":12,"minecraft:white_bed":3,"minecraft:spruce_log":521,"minecraft:spider_eye":1,"minecraft:purple_bed":1,"minecraft:diamond":6,"minecraft:stone_axe":1,"minecraft:chainmail_leggings":2,"minecraft:iron_helmet":1,"minecraft:granite":4,"minecraft:oak_sapling":2,"minecraft:acacia_slab":4,"minecraft:melon_seeds":1,"minecraft:coal":191},"minecraft:crafted":{"minecraft:oak_planks":36,"minecraft:chainmail_helmet":8,"minecraft:cooked_chicken":8,"minecraft:furnace":2,"minecraft:cooked_mutton":3,"minecraft:diamond_leggings":1,"minecraft:iron_boots":17,"minecraft:iron_axe":3,"minecraft:stone_pickaxe":2,"minecraft:diamond_boots":1,"minecraft:chainmail_leggings":6,"minecraft:cooked_beef":10,"minecraft:oak_slab":6,"minecraft:emerald":118,"minecraft:cooked_porkchop":15,"minecraft:crafting_table":3,"minecraft:spruce_planks":1916,"minecraft:acacia_slab":6,"minecraft:wooden_pickaxe":2,"minecraft:iron_helmet":2,"minecraft:spruce_door":3,"minecraft:fletching_table":2,"minecraft:bucket":2,"minecraft:stone_axe":2,"minecraft:acacia_boat":1,"minecraft:air":0,"minecraft:iron_chestplate":2,"minecraft:stick":3824,"minecraft:iron_ingot":85,"minecraft:chainmail_boots":8,"minecraft:iron_pickaxe":3,"minecraft:acacia_planks":24,"minecraft:torch":24},"minecraft:killed_by":{"minecraft:skeleton":2},"minecraft:killed":{"minecraft:cave_spider":1,"minecraft:spider":4,"minecraft:skeleton":6,"minecraft:chicken":11,"minecraft:pig":14,"minecraft:bat":1,"minecraft:creeper":5,"minecraft:sheep":9,"minecraft:zombie":19,"minecraft:enderman":1,"minecraft:cow":5}},"DataVersion":3955}